,densenet_1080,34.711,0
,densenet_1580,36.456,0
,densenet_1065,51.023,0
,densenet_1064,38.540,0
,densenet_1153,36.644,0
,densenet_100,37.712,0
,densenet_1004,39.997,0
,densenet_1258,44.521,0
,densenet_122,47.910,0
,densenet_16,34.351,0
,densenet_1539,39.591,0
,densenet_1380,37.192,0
,densenet_102,47.320,0
,densenet_1139,49.319,0
,densenet_1466,49.691,0
,densenet_1568,36.245,0
,densenet_1282,36.838,0
,densenet_1214,41.409,0
,densenet_1278,35.754,0
,densenet_1087,35.484,0
,densenet_1291,34.324,0
,densenet_1397,56.424,0
,densenet_1260,50.220,0
,densenet_1533,43.245,0
,densenet_12,50.388,0
,densenet_1474,46.338,0
,densenet_1275,40.716,0
,densenet_1171,36.845,0
,densenet_1133,47.954,0
,densenet_1399,35.474,0
,densenet_1203,31.187,0
,densenet_1412,41.534,0
,densenet_1145,31.927,0
,densenet_114,52.628,0
,densenet_1501,37.694,0
,densenet_1411,52.485,0
,densenet_1522,37.671,0
,densenet_1072,41.733,0
,densenet_1283,43.852,0
,densenet_1519,40.782,0
,densenet_1368,48.600,0
,densenet_1241,37.157,0
,densenet_1592,40.951,0
,densenet_1423,39.141,0
,densenet_1441,37.399,0
,densenet_1076,51.088,0
,densenet_152,36.982,0
,densenet_1039,38.073,0
,densenet_1211,42.670,0
,densenet_1174,38.718,0
,densenet_1032,36.800,0
,densenet_1202,31.544,0
,densenet_1205,31.884,0
,densenet_1445,40.270,0
,densenet_1226,37.365,0
,densenet_1228,39.557,0
,densenet_136,33.748,0
,densenet_1092,34.667,0
,densenet_1459,45.816,0
,densenet_1209,44.261,0
,densenet_1562,41.275,0
,densenet_1198,38.494,0
,densenet_1052,31.470,0
,densenet_1105,35.481,0
,densenet_1240,36.380,0
,densenet_1230,48.040,0
,densenet_1057,38.834,0
,densenet_1094,33.471,0
,densenet_1550,42.930,0
,densenet_1298,38.333,0
,densenet_1463,37.561,0
,densenet_1223,30.657,0
,densenet_1020,38.592,0
,densenet_1352,35.353,0
,densenet_1532,41.391,0
,densenet_1477,48.925,0
,densenet_1123,34.231,0
,densenet_1496,34.037,0
,densenet_1321,47.071,0
,densenet_1161,33.937,0
,densenet_1374,50.058,0
,densenet_1040,36.219,0
,densenet_1465,50.692,0
,densenet_1005,35.147,0
,densenet_117,31.556,0
,densenet_1220,48.881,0
,densenet_1010,36.065,0
,densenet_1262,35.445,0
,densenet_1351,41.159,0
,densenet_1537,31.725,0
,densenet_1377,49.208,0
,densenet_1194,37.091,0
,densenet_1542,37.180,0
,densenet_1012,35.611,0
,densenet_1578,49.886,0
,densenet_1267,41.247,0
,densenet_104,49.971,0
,densenet_1231,37.032,0
,densenet_1372,32.772,0
,densenet_1313,36.533,0
,densenet_1048,36.286,0
,densenet_1450,41.819,0
,densenet_1070,40.952,0
,densenet_1593,39.774,0
,densenet_1049,45.831,0
,densenet_1603,36.019,0
,densenet_1481,48.606,0
,densenet_1470,40.494,0
,densenet_147,45.505,0
,densenet_1188,37.572,0
,densenet_1224,37.124,0
,densenet_1131,36.875,0
,densenet_1540,37.574,0
,densenet_1427,31.218,0
,densenet_1514,35.142,0
,densenet_1527,46.420,0
,densenet_1385,35.146,0
,densenet_108,42.182,0
,densenet_1023,30.784,0
,densenet_1596,30.858,0
,densenet_1028,32.027,0
,densenet_118,35.671,0
,densenet_1401,41.946,0
,densenet_1276,33.740,0
,densenet_1341,35.459,0
,densenet_1018,38.225,0
,densenet_1162,33.380,0
,densenet_1600,37.954,0
,densenet_1234,39.253,0
,densenet_1011,34.682,0
,densenet_1384,31.888,0
,densenet_1499,34.351,0
,densenet_1233,38.423,0
,densenet_1083,33.596,0
,densenet_1482,41.262,0
,densenet_1129,37.275,0
,densenet_1390,29.258,0
,densenet_1556,35.104,0
,densenet_1026,33.634,0
,densenet_130,37.944,0
,densenet_1303,36.239,0
,densenet_1150,48.529,0
,densenet_127,38.721,0
,densenet_1186,34.523,0
,densenet_1365,43.893,0
,densenet_1349,39.801,0
,densenet_1388,34.372,0
,densenet_101,35.620,0
,densenet_1002,33.099,0
,densenet_1617,31.520,0
,densenet_1222,48.962,0
,densenet_1155,50.587,0
,densenet_1157,35.432,0
,densenet_1114,35.335,0
,densenet_1629,37.541,0
,densenet_1317,34.414,0
,densenet_1193,34.780,0
,densenet_1112,39.595,0
,densenet_1115,38.737,0
,densenet_1109,39.502,0
,densenet_1431,40.026,0
,densenet_1383,49.126,0
,densenet_1102,38.725,0
,densenet_1054,33.212,0
,densenet_1599,41.926,0
,densenet_1476,38.848,0
,densenet_1310,33.401,0
,densenet_1024,41.763,0
,densenet_1266,50.767,0
,densenet_134,35.574,0
,densenet_1215,38.831,0
,densenet_1043,37.294,0
,densenet_1093,35.340,0
,densenet_1451,31.990,0
,densenet_1281,38.608,0
,densenet_1621,43.142,0
,densenet_1296,49.162,0
,densenet_1391,49.480,0
,densenet_1264,39.583,0
,densenet_1315,31.425,0
,densenet_144,39.061,0
,densenet_1187,33.275,0
,densenet_1163,33.701,0
,densenet_1455,44.305,0
,densenet_1272,38.076,0
,densenet_1015,35.542,0
,densenet_1117,29.968,0
,densenet_1325,44.794,0
,densenet_1280,40.648,0
,densenet_1330,35.885,0
,densenet_1531,46.271,0
,densenet_1001,38.151,0
,densenet_1347,32.995,0
,densenet_1025,38.952,0
,densenet_1350,36.634,0
,densenet_1147,35.948,0
,densenet_1413,42.627,0
,densenet_1304,36.741,0
,densenet_1301,37.510,0
,densenet_1277,31.414,0
,densenet_1626,40.548,0
,densenet_1191,50.192,0
,densenet_1591,44.188,0
,densenet_1595,30.844,0
,densenet_1635,43.046,0
,densenet_1035,41.496,0
,densenet_1208,46.515,0
,densenet_1051,36.219,0
,densenet_1110,43.194,0
,densenet_1373,34.062,0
,densenet_1462,39.247,0
,densenet_1333,34.690,0
,densenet_1034,41.111,0
,densenet_1144,32.481,0
,densenet_1118,40.224,0
,densenet_1022,40.299,0
,densenet_113,38.534,0
,densenet_1551,38.079,0
,densenet_1346,39.586,0
,densenet_1213,37.959,0
,densenet_1050,36.411,0
,densenet_1386,35.502,0
,densenet_1290,29.951,0
,densenet_1485,46.699,0
,densenet_1106,40.697,0
,densenet_1055,37.252,0
,densenet_1086,44.597,0
,densenet_1504,36.813,0
,densenet_1366,39.171,0
,densenet_1167,36.855,0
,densenet_1538,44.177,0
,densenet_1371,40.606,0
,densenet_1336,37.396,0
,densenet_1420,31.332,0
,densenet_1572,37.389,0
,densenet_1045,35.813,0
,densenet_1135,37.832,0
,densenet_1536,41.065,0
,densenet_1097,46.833,0
,densenet_1328,33.982,0
,densenet_1116,35.415,0
,densenet_1152,35.214,0
,densenet_1339,46.730,0
,densenet_1488,35.219,0
,densenet_1178,35.403,0
,densenet_1100,35.446,0
,densenet_1448,38.306,0
,densenet_1033,35.458,0
,densenet_1238,32.737,0
,densenet_1273,46.721,0
,densenet_1079,45.305,0
,densenet_1561,33.230,0
,densenet_1295,33.585,0
,densenet_1227,43.250,0
,densenet_131,38.360,0
,densenet_1101,34.836,0
,densenet_1311,32.497,0
,densenet_1089,39.316,0
,densenet_1179,31.721,0
,densenet_1611,33.074,0
,densenet_1096,35.188,0
,densenet_1196,35.392,0
,densenet_1305,39.340,0
,densenet_1044,38.228,0
,densenet_1009,34.549,0
,densenet_1177,32.963,0
,densenet_1484,31.808,0
,densenet_1395,36.347,0
,densenet_1472,35.386,0
,densenet_1553,38.167,0
,densenet_1156,36.475,0
,densenet_1067,34.050,0
,densenet_1286,42.303,0
,densenet_10,37.664,0
,densenet_1138,30.291,0
,densenet_1031,42.012,0
,densenet_11,31.071,0
,densenet_1113,40.038,0
,densenet_1557,38.190,0
,densenet_1069,37.394,0
,densenet_1207,34.326,0
,densenet_1068,33.759,0
,densenet_1379,38.350,0
,densenet_1175,34.588,0
,densenet_1602,34.199,0
,densenet_1016,48.500,0
,densenet_1165,30.998,0
,densenet_1454,55.678,0
,densenet_1409,38.504,0
,densenet_1359,36.483,0
,densenet_1323,34.286,0
,densenet_1148,39.998,0
,densenet_123,38.171,0
,densenet_1416,46.130,0
,densenet_1322,46.120,0
,densenet_1529,41.357,0
,densenet_1159,33.815,0
,densenet_1337,31.110,0
,densenet_1256,38.792,0
,densenet_1075,49.699,0
,densenet_1259,38.446,0
,densenet_1410,45.732,0
,densenet_1000,51.080,0
,densenet_1030,32.275,0
,densenet_1360,27.571,0
,densenet_125,31.608,0
,densenet_1367,50.089,0
,densenet_1495,34.941,0
,densenet_1345,32.390,0
,densenet_1524,30.161,0
,densenet_1418,43.445,0
,densenet_1239,32.298,0
,densenet_1302,44.195,0
,densenet_1164,43.617,0
,densenet_126,37.543,0
,densenet_1185,35.100,0
,densenet_1403,39.867,0
,densenet_150,32.694,0
,densenet_1103,31.958,0
,densenet_1247,35.313,0
,densenet_1624,34.419,0
,densenet_1478,36.926,0
,densenet_1502,51.681,0
,densenet_1006,37.193,0
,densenet_1127,40.367,0
,densenet_1038,35.803,0
,densenet_1084,30.252,0
,densenet_1216,44.865,0
,densenet_1284,31.561,0
,densenet_1387,39.957,0
,densenet_1473,34.966,0
,densenet_1637,40.806,0
,densenet_115,41.323,0
,densenet_1467,37.450,0
,densenet_1623,51.781,0
,densenet_103,39.470,0
,densenet_145,34.774,0
,densenet_1249,46.057,0
,densenet_1426,37.339,0
,densenet_1029,48.921,0
,densenet_1182,35.783,0
,densenet_1252,36.355,0
,densenet_1242,35.015,0
,densenet_1285,46.176,0
,densenet_1160,38.827,0
,densenet_154,35.411,0
,densenet_1306,51.423,0
,densenet_1271,35.478,0
,densenet_1176,38.119,0
,densenet_1270,36.296,0
,densenet_1498,39.390,0
,densenet_1120,35.490,0
,densenet_1268,36.550,0
,densenet_133,38.981,0
,densenet_149,38.377,0
,densenet_1622,49.506,0
,densenet_1528,33.937,0
,densenet_1195,37.854,0
,densenet_1376,32.154,0
,densenet_1003,37.809,0
,densenet_1573,34.672,0
,densenet_1183,49.551,0
,densenet_1143,42.433,0
,densenet_1082,37.998,0
,densenet_1136,30.265,0
,densenet_1606,49.695,0
,densenet_1047,35.218,0
,densenet_1586,36.210,0
,densenet_1378,38.642,0
,densenet_1206,42.014,0
,densenet_1479,39.401,0
,densenet_107,36.284,0
,densenet_1382,33.437,0
,densenet_1422,41.529,0
,densenet_1318,36.320,0
,densenet_1627,38.373,0
,densenet_1356,38.663,0
,densenet_1254,34.203,0
,densenet_138,38.252,0
,densenet_1552,41.927,0
,densenet_1078,40.365,0
,densenet_120,46.981,0
,densenet_156,48.838,0
,densenet_1487,37.838,0
,densenet_1229,38.689,0
,densenet_109,34.895,0
,densenet_1107,37.452,0
,densenet_1098,34.316,0
,densenet_1369,41.259,0
,densenet_1027,35.222,0
,densenet_1564,37.452,0
,densenet_1189,34.798,0
,densenet_1245,30.615,0
,densenet_1300,41.071,0
,densenet_1091,33.248,0
,densenet_1594,33.211,0
,densenet_1134,50.199,0
,densenet_1558,47.189,0
,densenet_1125,34.786,0
,densenet_1085,37.829,0
,densenet_146,34.377,0
,densenet_1577,36.806,0
,densenet_1244,40.768,0
,densenet_1559,34.865,0
,densenet_1587,39.212,0
,densenet_1361,33.911,0
,densenet_1354,40.768,0
,densenet_1563,46.303,0
,densenet_1571,37.708,0
,densenet_1154,35.405,0
,densenet_1013,48.904,0
,densenet_1042,36.088,0
,densenet_1334,34.931,0
,densenet_1308,33.406,0
,densenet_1534,36.180,0
,densenet_1526,45.811,0
,densenet_112,33.801,0
,densenet_1151,33.516,0
,densenet_140,39.337,0
,densenet_1111,32.561,0
,densenet_1442,34.221,0
,densenet_1618,40.569,0
,densenet_1329,40.516,0
,densenet_14,34.999,0
,densenet_106,39.663,0
,densenet_1394,35.479,0
,densenet_1236,37.926,0
,densenet_1250,38.612,0
,densenet_1201,37.968,0
,densenet_1375,30.370,0
,densenet_1221,31.524,0
,densenet_1017,34.322,0
,densenet_121,34.831,0
,densenet_1523,40.107,0
,densenet_1257,37.982,0
,densenet_1381,48.160,0
,densenet_1146,42.371,0
,densenet_1210,41.937,0
,densenet_1232,37.004,0
,densenet_1279,33.712,0
,densenet_1269,29.220,0
,densenet_111,34.978,0
,densenet_1486,36.175,0
,densenet_1535,38.822,0
,densenet_153,35.453,0
,densenet_1353,48.902,0
,densenet_1543,44.954,0
,densenet_1180,42.477,0
,densenet_1081,48.153,0
,densenet_1225,30.779,0
,densenet_1119,38.339,0
,densenet_1338,48.100,0
,densenet_1548,37.496,0
,densenet_1469,50.748,0
,densenet_1471,36.437,0
,densenet_1497,40.402,0
,densenet_162,33.934,0
,densenet_1408,35.110,0
,densenet_1419,35.736,0
,densenet_1363,33.815,0
,densenet_1541,34.511,0
,densenet_1255,40.169,0
,densenet_1494,37.769,0
,densenet_1520,31.678,0
,densenet_1312,33.619,0
,densenet_1620,38.789,0
,densenet_1453,36.822,0
,densenet_1316,43.758,0
,densenet_1625,38.043,0
,densenet_1449,46.438,0
,densenet_1037,44.996,0
,densenet_1149,34.925,0
,densenet_1253,46.423,0
,densenet_1415,44.834,0
,densenet_1554,32.986,0
,densenet_15,40.778,0
,densenet_1297,39.678,0
,densenet_1007,51.133,0
,densenet_1121,35.412,0
,densenet_1197,46.851,0
,densenet_1389,39.474,0
,densenet_1126,38.451,0
,densenet_1299,45.559,0
,densenet_1263,42.180,0
,densenet_1200,41.886,0
,densenet_1464,41.167,0
,densenet_1099,37.556,0
,densenet_1483,43.935,0
,densenet_1128,40.539,0
,densenet_1062,41.585,0
,densenet_1077,40.631,0
,densenet_1008,38.426,0
,densenet_1218,37.144,0
,densenet_1041,35.642,0
,densenet_1237,57.547,0
,densenet_1633,49.336,0
,densenet_124,31.091,0
,densenet_1294,33.995,0
,densenet_1400,35.890,0
,densenet_1060,35.191,0
,densenet_1190,34.918,0
,densenet_1184,38.264,0
,densenet_1307,38.976,0
,densenet_1319,38.163,0
,densenet_1348,38.546,0
,densenet_1073,41.067,0
,densenet_1217,38.204,0
,densenet_1393,33.410,0
,densenet_1142,35.100,0
,densenet_1588,33.566,0
,densenet_1265,40.099,0
,densenet_1335,32.132,0
,densenet_1500,36.196,0
,densenet_142,45.329,0
,densenet_1555,29.899,0
,densenet_1274,35.967,0
,densenet_1444,39.984,0
,densenet_1021,33.100,0
,densenet_1173,46.228,0
,densenet_1251,46.289,0
,densenet_1574,39.667,0
,densenet_1293,38.208,0
,densenet_143,35.185,0
,densenet_105,51.962,0
,densenet_1289,39.933,0
,densenet_1088,34.558,0
,densenet_1417,37.634,0
,densenet_1344,43.165,0
,densenet_1343,35.816,0
,densenet_135,36.991,0
,densenet_128,33.532,0
,densenet_1192,30.312,0
,densenet_1493,47.425,0
,densenet_1443,50.752,0
,densenet_1248,39.085,0
,densenet_1340,37.638,0
,densenet_1332,36.081,0
,densenet_129,39.445,0
,densenet_1166,39.812,0
,densenet_1181,38.209,0
,densenet_1579,36.976,0
,densenet_1066,37.184,0
,densenet_1358,40.164,0
,densenet_1235,36.282,0
,densenet_1,33.895,0
,densenet_13,33.147,0
,densenet_1521,40.536,0
,densenet_1287,37.228,0
,densenet_1199,42.506,0
,densenet_1132,37.404,0
,densenet_1475,44.076,0
,densenet_1219,32.758,0
,densenet_1447,40.375,0
,densenet_1324,44.369,0
,densenet_1424,35.280,0
,densenet_1130,37.789,0
,densenet_1104,34.948,0
,densenet_1357,66.859,0
,densenet_132,46.546,0
,densenet_1141,30.530,0
,densenet_1396,38.840,0
,densenet_1425,33.149,0
,densenet_1491,31.817,0
,densenet_1331,49.847,0
,densenet_1457,45.475,0
,densenet_1530,41.635,0
,densenet_110,37.677,0
,densenet_1505,35.071,0
,densenet_1480,50.153,0
,densenet_1576,32.270,0
,densenet_1597,30.943,0
,densenet_1601,40.548,0
,densenet_1402,47.862,0
,densenet_1074,37.305,0
,densenet_1429,40.359,0
,densenet_1124,51.922,0
,densenet_116,46.066,0
,densenet_1468,34.954,0
,densenet_1158,38.438,0
,densenet_1036,39.374,0
,densenet_1014,45.845,0
,densenet_1604,35.997,0
,densenet_1585,39.309,0
,densenet_1362,37.462,0
,densenet_1513,39.017,0
,densenet_1452,33.640,0
,densenet_1314,34.051,0
,densenet_1140,58.756,0
,densenet_1492,40.403,0
,densenet_1122,33.960,0
,densenet_1326,46.087,0
,densenet_148,36.218,0
,densenet_119,38.034,0
,densenet_1560,31.535,0
,densenet_1440,41.953,0
,densenet_1288,37.491,0
,densenet_1509,37.828,0
,densenet_1370,37.216,0
,densenet_1355,41.828,0
,densenet_1518,49.728,0
,densenet_1632,39.909,0
,densenet_141,38.760,0
,densenet_1172,32.693,0
,densenet_1204,39.485,0
,densenet_1108,38.170,0
,densenet_1090,46.564,0
,densenet_1261,31.169,0
,densenet_1342,35.294,0
,densenet_1456,39.517,0
,densenet_1320,38.039,0
,densenet_1243,34.651,0
,densenet_1619,56.394,0
,densenet_1309,32.817,0
,densenet_1327,40.153,0
,densenet_163,34.264,0
,densenet_1598,46.821,0
,densenet_139,35.018,0
,densenet_1061,39.259,0
,densenet_1607,39.544,0
,densenet_1446,37.626,0
,densenet_1071,37.144,0
,densenet_1583,36.277,0
,densenet_1364,52.345,0
,densenet_1292,40.335,0
,densenet_1392,35.810,0
,densenet_1246,34.351,0
,densenet_137,46.031,0
,densenet_1095,33.251,0
,densenet_1137,31.003,0
,densenet_1212,39.598,0
