,mnasnet_1829,29.827,0
,mnasnet_360,34.773,0
,mnasnet_185,28.779,0
,mnasnet_1139,31.772,0
,mnasnet_1189,32.289,0
,mnasnet_1103,32.926,0
,mnasnet_1059,32.939,0
,mnasnet_1135,42.003,0
,mnasnet_1971,36.365,0
,mnasnet_903,34.128,0
,mnasnet_282,33.411,0
,mnasnet_365,41.752,0
,mnasnet_188,39.557,0
,mnasnet_670,44.543,0
,mnasnet_466,34.865,0
,mnasnet_919,23.243,0
,mnasnet_1343,34.026,0
,mnasnet_3,46.833,0
,mnasnet_1980,42.973,0
,mnasnet_1612,37.908,0
,mnasnet_379,46.925,0
,mnasnet_1168,43.445,0
,mnasnet_1496,33.855,0
,mnasnet_70,29.107,0
,mnasnet_358,42.340,0
,mnasnet_1036,38.496,0
,mnasnet_101,30.693,0
,mnasnet_1305,44.857,0
,mnasnet_381,42.147,0
,mnasnet_666,29.214,0
,mnasnet_883,38.515,0
,mnasnet_1291,40.025,0
,mnasnet_1602,40.342,0
,mnasnet_1543,59.299,0
,mnasnet_477,48.424,0
,mnasnet_331,30.479,0
,mnasnet_502,34.205,0
,mnasnet_553,33.286,0
,mnasnet_1706,35.183,0
,mnasnet_1726,33.356,0
,mnasnet_786,33.282,0
,mnasnet_868,29.467,0
,mnasnet_1512,39.997,0
,mnasnet_991,34.629,0
,mnasnet_1972,41.067,0
,mnasnet_309,32.035,0
,mnasnet_1185,29.662,0
,mnasnet_1191,36.365,0
,mnasnet_1079,40.034,0
,mnasnet_1108,46.092,0
,mnasnet_60,48.755,0
,mnasnet_724,30.257,0
,mnasnet_274,46.373,0
,mnasnet_562,36.640,0
,mnasnet_369,39.019,0
,mnasnet_262,34.566,0
,mnasnet_696,32.803,0
,mnasnet_1812,36.186,0
,mnasnet_1926,45.791,0
,mnasnet_1215,47.351,0
,mnasnet_799,36.216,0
,mnasnet_488,44.496,0
,mnasnet_1534,33.386,0
,mnasnet_1025,42.335,0
,mnasnet_1578,47.163,0
,mnasnet_366,49.799,0
,mnasnet_1338,30.072,0
,mnasnet_606,30.365,0
,mnasnet_503,37.422,0
,mnasnet_1158,39.589,0
,mnasnet_951,30.124,0
,mnasnet_730,35.093,0
,mnasnet_1531,39.186,0
,mnasnet_1373,37.715,0
,mnasnet_855,43.111,0
,mnasnet_1752,37.055,0
,mnasnet_75,28.001,0
,mnasnet_910,36.921,0
,mnasnet_1361,39.345,0
,mnasnet_1905,41.070,0
,mnasnet_1181,40.548,0
,mnasnet_556,29.530,0
,mnasnet_1292,26.196,0
,mnasnet_1613,39.927,0
,mnasnet_53,33.898,0
,mnasnet_837,24.479,0
,mnasnet_1323,31.830,0
,mnasnet_1900,50.785,0
,mnasnet_1379,39.533,0
,mnasnet_1067,48.903,0
,mnasnet_434,34.058,0
,mnasnet_1329,45.528,0
,mnasnet_1440,30.388,0
,mnasnet_1306,41.288,0
,mnasnet_1954,34.421,0
,mnasnet_212,44.361,0
,mnasnet_1433,42.143,0
,mnasnet_1337,40.876,0
,mnasnet_1530,27.917,0
,mnasnet_1117,39.387,0
,mnasnet_719,33.891,0
,mnasnet_959,38.127,0
,mnasnet_532,32.562,0
,mnasnet_314,37.731,0
,mnasnet_1119,41.107,0
,mnasnet_507,32.125,0
,mnasnet_825,32.115,0
,mnasnet_411,32.116,0
,mnasnet_1604,31.845,0
,mnasnet_1671,38.695,0
,mnasnet_555,33.180,0
,mnasnet_688,29.415,0
,mnasnet_1196,55.679,0
,mnasnet_703,30.967,0
,mnasnet_37,51.946,0
,mnasnet_42,38.964,0
,mnasnet_1966,52.479,0
,mnasnet_1952,30.285,0
,mnasnet_1710,47.403,0
,mnasnet_1546,50.423,0
,mnasnet_1743,29.500,0
,mnasnet_144,32.047,0
,mnasnet_61,31.716,0
,mnasnet_1327,39.685,0
,mnasnet_1540,46.917,0
,mnasnet_828,35.595,0
,mnasnet_1859,50.150,0
,mnasnet_1347,44.577,0
,mnasnet_1558,36.730,0
,mnasnet_1605,48.470,0
,mnasnet_1500,29.535,0
,mnasnet_183,39.921,0
,mnasnet_1432,34.726,0
,mnasnet_1637,36.590,0
,mnasnet_344,34.568,0
,mnasnet_436,53.167,0
,mnasnet_286,45.091,0
,mnasnet_1813,40.333,0
,mnasnet_927,37.251,0
,mnasnet_1951,43.632,0
,mnasnet_1317,42.895,0
,mnasnet_249,34.821,0
,mnasnet_1368,53.058,0
,mnasnet_677,28.875,0
,mnasnet_261,26.010,0
,mnasnet_669,29.274,0
,mnasnet_692,39.506,0
,mnasnet_948,43.282,0
,mnasnet_1242,47.181,0
,mnasnet_1326,28.091,0
,mnasnet_1839,38.428,0
,mnasnet_1744,37.182,0
,mnasnet_843,22.234,0
,mnasnet_1289,29.549,0
,mnasnet_1461,34.179,0
,mnasnet_1774,53.615,0
,mnasnet_1256,46.793,0
,mnasnet_153,42.224,0
,mnasnet_751,40.408,0
,mnasnet_957,38.984,0
,mnasnet_105,37.426,0
,mnasnet_14,39.664,0
,mnasnet_5,48.874,0
,mnasnet_841,33.660,0
,mnasnet_1845,38.014,0
,mnasnet_697,27.941,0
,mnasnet_1150,33.748,0
,mnasnet_1932,39.542,0
,mnasnet_1442,33.956,0
,mnasnet_1471,35.056,0
,mnasnet_1,44.536,0
,mnasnet_1375,34.754,0
,mnasnet_241,24.621,0
,mnasnet_1497,38.026,0
,mnasnet_285,43.254,0
,mnasnet_1822,44.346,0
,mnasnet_533,26.496,0
,mnasnet_604,36.284,0
,mnasnet_1413,31.186,0
,mnasnet_415,36.815,0
,mnasnet_81,42.813,0
,mnasnet_650,42.820,0
,mnasnet_240,36.552,0
,mnasnet_1202,34.203,0
,mnasnet_157,38.790,0
,mnasnet_659,43.769,0
,mnasnet_619,28.604,0
,mnasnet_1922,35.057,0
,mnasnet_754,30.288,0
,mnasnet_1427,28.849,0
,mnasnet_226,22.036,0
,mnasnet_1619,41.735,0
,mnasnet_1219,42.314,0
,mnasnet_433,43.217,0
,mnasnet_1141,34.210,0
,mnasnet_922,39.523,0
,mnasnet_1758,37.604,0
,mnasnet_165,44.575,0
,mnasnet_952,28.653,0
,mnasnet_969,28.703,0
,mnasnet_1979,41.908,0
,mnasnet_1002,32.599,0
,mnasnet_1470,32.437,0
,mnasnet_1100,46.454,0
,mnasnet_1017,38.515,0
,mnasnet_406,40.716,0
,mnasnet_1183,32.479,0
,mnasnet_1309,32.027,0
,mnasnet_205,54.876,0
,mnasnet_727,32.405,0
,mnasnet_1233,48.788,0
,mnasnet_520,51.968,0
,mnasnet_858,43.161,0
,mnasnet_917,28.765,0
,mnasnet_1374,25.885,0
,mnasnet_1335,37.309,0
,mnasnet_1708,33.695,0
,mnasnet_328,41.543,0
,mnasnet_581,41.643,0
,mnasnet_1383,37.410,0
,mnasnet_1075,47.733,0
,mnasnet_1231,36.422,0
,mnasnet_1201,44.473,0
,mnasnet_1320,40.879,0
,mnasnet_1939,46.864,0
,mnasnet_913,50.374,0
,mnasnet_1860,26.716,0
,mnasnet_778,48.462,0
,mnasnet_1418,40.346,0
,mnasnet_421,47.137,0
,mnasnet_295,44.338,0
,mnasnet_536,29.427,0
,mnasnet_1085,35.146,0
,mnasnet_1476,24.072,0
,mnasnet_1084,36.747,0
,mnasnet_339,40.507,0
,mnasnet_283,31.334,0
,mnasnet_712,32.952,0
,mnasnet_196,29.869,0
,mnasnet_474,36.344,0
,mnasnet_1818,31.102,0
,mnasnet_1999,32.049,0
,mnasnet_1894,44.992,0
,mnasnet_264,31.654,0
,mnasnet_1804,41.171,0
,mnasnet_1916,43.493,0
,mnasnet_1695,34.969,0
,mnasnet_308,28.576,0
,mnasnet_352,32.185,0
,mnasnet_109,29.970,0
,mnasnet_1455,36.052,0
,mnasnet_215,32.035,0
,mnasnet_1507,32.343,0
,mnasnet_1649,36.162,0
,mnasnet_821,39.610,0
,mnasnet_1266,31.520,0
,mnasnet_1459,60.448,0
,mnasnet_243,36.608,0
,mnasnet_1325,37.252,0
,mnasnet_1946,45.344,0
,mnasnet_1755,35.129,0
,mnasnet_632,41.020,0
,mnasnet_1627,47.889,0
,mnasnet_975,42.499,0
,mnasnet_1759,52.234,0
,mnasnet_193,35.103,0
,mnasnet_1279,37.053,0
,mnasnet_1688,46.275,0
,mnasnet_1362,20.527,0
,mnasnet_340,54.780,0
,mnasnet_1970,39.424,0
,mnasnet_377,46.949,0
,mnasnet_982,31.891,0
,mnasnet_1521,37.510,0
,mnasnet_1359,41.647,0
,mnasnet_501,22.954,0
,mnasnet_1369,29.776,0
,mnasnet_618,36.162,0
,mnasnet_1635,38.022,0
,mnasnet_1178,32.121,0
,mnasnet_1742,34.869,0
,mnasnet_1411,29.871,0
,mnasnet_1367,42.038,0
,mnasnet_1136,30.351,0
,mnasnet_1429,37.144,0
,mnasnet_1547,27.942,0
,mnasnet_1876,35.838,0
,mnasnet_1272,55.358,0
,mnasnet_808,38.398,0
,mnasnet_1441,40.605,0
,mnasnet_1888,39.808,0
,mnasnet_1082,34.150,0
,mnasnet_1086,30.753,0
,mnasnet_678,31.453,0
,mnasnet_983,42.515,0
,mnasnet_1593,25.496,0
,mnasnet_437,47.697,0
,mnasnet_1634,37.288,0
,mnasnet_267,47.123,0
,mnasnet_1019,38.402,0
,mnasnet_802,34.829,0
,mnasnet_1015,34.990,0
,mnasnet_1803,39.746,0
,mnasnet_1228,31.629,0
,mnasnet_654,31.971,0
,mnasnet_1670,31.298,0
,mnasnet_1344,27.505,0
,mnasnet_870,37.262,0
,mnasnet_517,31.251,0
,mnasnet_1915,47.771,0
,mnasnet_613,37.462,0
,mnasnet_1360,23.667,0
,mnasnet_1456,38.911,0
,mnasnet_628,38.377,0
,mnasnet_1392,44.834,0
,mnasnet_1167,41.418,0
,mnasnet_1756,35.815,0
,mnasnet_1370,38.258,0
,mnasnet_299,30.909,0
,mnasnet_1903,42.837,0
,mnasnet_1449,39.845,0
,mnasnet_1638,50.488,0
,mnasnet_1913,32.111,0
,mnasnet_1276,28.300,0
,mnasnet_1010,30.466,0
,mnasnet_500,37.222,0
,mnasnet_245,51.119,0
,mnasnet_602,42.199,0
,mnasnet_407,39.561,0
,mnasnet_771,51.887,0
,mnasnet_746,49.475,0
,mnasnet_1101,38.600,0
,mnasnet_33,37.809,0
,mnasnet_1381,44.912,0
,mnasnet_417,44.603,0
,mnasnet_1569,42.774,0
,mnasnet_816,38.213,0
,mnasnet_1060,29.082,0
,mnasnet_1264,31.378,0
,mnasnet_1948,35.147,0
,mnasnet_386,32.907,0
,mnasnet_1610,34.818,0
,mnasnet_1495,45.944,0
,mnasnet_353,44.197,0
,mnasnet_1254,31.286,0
,mnasnet_835,30.297,0
,mnasnet_1366,42.434,0
,mnasnet_1585,29.565,0
,mnasnet_529,41.280,0
,mnasnet_598,35.189,0
,mnasnet_1648,29.017,0
,mnasnet_1473,28.275,0
,mnasnet_705,40.326,0
,mnasnet_1364,47.600,0
,mnasnet_1199,42.098,0
,mnasnet_673,48.132,0
,mnasnet_453,54.330,0
,mnasnet_108,35.013,0
,mnasnet_1365,40.905,0
,mnasnet_1293,39.925,0
,mnasnet_1284,46.687,0
,mnasnet_491,38.885,0
,mnasnet_1142,44.134,0
,mnasnet_576,46.527,0
,mnasnet_805,33.218,0
,mnasnet_1899,36.911,0
,mnasnet_605,44.495,0
,mnasnet_347,36.061,0
,mnasnet_1882,51.083,0
,mnasnet_422,31.390,0
,mnasnet_333,33.371,0
,mnasnet_610,38.256,0
,mnasnet_1239,42.403,0
,mnasnet_222,36.972,0
,mnasnet_674,39.433,0
,mnasnet_1513,48.926,0
,mnasnet_1881,48.936,0
,mnasnet_1865,35.688,0
,mnasnet_1315,39.589,0
,mnasnet_1920,35.194,0
,mnasnet_1867,43.259,0
,mnasnet_511,37.671,0
,mnasnet_1489,38.338,0
,mnasnet_1764,54.138,0
,mnasnet_1996,36.166,0
,mnasnet_1107,25.437,0
,mnasnet_871,46.254,0
,mnasnet_770,30.992,0
,mnasnet_639,49.120,0
,mnasnet_508,40.368,0
,mnasnet_1481,49.235,0
,mnasnet_1003,48.238,0
,mnasnet_187,34.477,0
,mnasnet_998,25.803,0
,mnasnet_1447,29.203,0
,mnasnet_1838,39.374,0
,mnasnet_1220,41.357,0
,mnasnet_1828,31.747,0
,mnasnet_549,38.457,0
,mnasnet_451,25.024,0
,mnasnet_735,29.801,0
,mnasnet_1424,58.482,0
,mnasnet_865,28.367,0
,mnasnet_1092,41.190,0
,mnasnet_1043,53.339,0
,mnasnet_95,30.540,0
,mnasnet_1639,23.791,0
,mnasnet_1007,38.052,0
,mnasnet_1806,44.694,0
,mnasnet_1400,28.091,0
,mnasnet_990,30.752,0
,mnasnet_1288,42.617,0
,mnasnet_65,47.756,0
,mnasnet_1504,46.774,0
,mnasnet_733,43.967,0
,mnasnet_977,31.188,0
,mnasnet_863,36.934,0
,mnasnet_1725,40.348,0
,mnasnet_813,33.649,0
,mnasnet_1722,34.595,0
,mnasnet_1058,43.297,0
,mnasnet_1245,28.921,0
,mnasnet_1527,46.041,0
,mnasnet_121,22.477,0
,mnasnet_1363,34.235,0
,mnasnet_885,55.518,0
,mnasnet_1893,32.325,0
,mnasnet_1579,38.763,0
,mnasnet_1765,31.156,0
,mnasnet_400,36.824,0
,mnasnet_170,35.534,0
,mnasnet_881,33.784,0
,mnasnet_72,29.377,0
,mnasnet_4,35.673,0
,mnasnet_317,32.932,0
,mnasnet_621,35.382,0
,mnasnet_1205,31.831,0
,mnasnet_1488,42.171,0
,mnasnet_150,36.037,0
,mnasnet_1763,49.529,0
,mnasnet_146,40.565,0
,mnasnet_113,33.067,0
,mnasnet_1789,35.902,0
,mnasnet_1129,38.906,0
,mnasnet_1518,44.347,0
,mnasnet_1031,43.181,0
,mnasnet_1989,35.975,0
,mnasnet_1277,41.093,0
,mnasnet_564,42.056,0
,mnasnet_159,32.075,0
,mnasnet_968,36.626,0
,mnasnet_277,42.699,0
,mnasnet_1111,48.419,0
,mnasnet_996,38.502,0
,mnasnet_623,37.416,0
,mnasnet_1458,34.410,0
,mnasnet_276,41.132,0
,mnasnet_1348,49.566,0
,mnasnet_1112,35.210,0
,mnasnet_1247,33.019,0
,mnasnet_781,30.531,0
,mnasnet_938,41.129,0
,mnasnet_162,39.240,0
,mnasnet_850,48.379,0
,mnasnet_1213,44.433,0
,mnasnet_1545,39.181,0
,mnasnet_1823,34.779,0
,mnasnet_1302,30.543,0
,mnasnet_1097,40.307,0
,mnasnet_1669,31.277,0
,mnasnet_794,42.137,0
,mnasnet_1650,46.013,0
,mnasnet_1068,28.449,0
,mnasnet_932,39.798,0
,mnasnet_1388,38.437,0
,mnasnet_43,39.297,0
,mnasnet_464,31.861,0
,mnasnet_17,27.111,0
,mnasnet_393,40.709,0
,mnasnet_1745,39.474,0
,mnasnet_1070,37.900,0
,mnasnet_1159,35.362,0
,mnasnet_1054,41.793,0
,mnasnet_993,40.324,0
,mnasnet_1334,28.730,0
,mnasnet_635,34.588,0
,mnasnet_949,33.825,0
,mnasnet_513,40.127,0
,mnasnet_1660,38.441,0
,mnasnet_1885,26.702,0
,mnasnet_1214,33.067,0
,mnasnet_1678,32.466,0
,mnasnet_847,33.035,0
,mnasnet_1626,34.004,0
,mnasnet_791,31.781,0
,mnasnet_367,29.464,0
,mnasnet_307,46.187,0
,mnasnet_216,33.435,0
,mnasnet_1472,21.652,0
,mnasnet_1041,37.060,0
,mnasnet_1378,40.823,0
,mnasnet_219,31.472,0
,mnasnet_757,36.374,0
,mnasnet_45,45.204,0
,mnasnet_1877,33.589,0
,mnasnet_160,36.944,0
,mnasnet_1283,40.938,0
,mnasnet_1299,47.667,0
,mnasnet_1925,41.024,0
,mnasnet_1484,19.835,0
,mnasnet_1843,33.367,0
,mnasnet_1950,30.832,0
,mnasnet_86,30.925,0
,mnasnet_1998,31.278,0
,mnasnet_1234,50.353,0
,mnasnet_449,43.954,0
,mnasnet_550,44.167,0
,mnasnet_179,38.766,0
,mnasnet_1874,30.707,0
,mnasnet_1807,40.343,0
,mnasnet_1782,53.210,0
,mnasnet_950,30.556,0
,mnasnet_1720,46.041,0
,mnasnet_1467,30.518,0
,mnasnet_1583,41.000,0
,mnasnet_583,35.463,0
,mnasnet_1917,30.038,0
,mnasnet_1887,24.818,0
,mnasnet_1880,36.911,0
,mnasnet_1110,31.872,0
,mnasnet_1535,42.787,0
,mnasnet_1415,42.961,0
,mnasnet_777,22.765,0
,mnasnet_257,48.649,0
,mnasnet_376,39.456,0
,mnasnet_667,29.902,0
,mnasnet_1884,39.739,0
,mnasnet_1206,36.463,0
,mnasnet_1773,39.147,0
,mnasnet_763,30.621,0
,mnasnet_223,49.355,0
,mnasnet_82,36.287,0
,mnasnet_693,28.399,0
,mnasnet_1656,33.988,0
,mnasnet_47,37.568,0
,mnasnet_1358,39.528,0
,mnasnet_1012,46.665,0
,mnasnet_936,33.930,0
,mnasnet_929,30.934,0
,mnasnet_956,39.658,0
,mnasnet_542,31.998,0
,mnasnet_1849,48.343,0
,mnasnet_73,41.734,0
,mnasnet_1997,21.472,0
,mnasnet_1396,35.670,0
,mnasnet_1600,43.365,0
,mnasnet_552,31.326,0
,mnasnet_181,40.377,0
,mnasnet_1824,43.094,0
,mnasnet_1249,24.516,0
,mnasnet_935,34.285,0
,mnasnet_244,37.618,0
,mnasnet_829,43.450,0
,mnasnet_1346,41.445,0
,mnasnet_396,44.025,0
,mnasnet_265,47.082,0
,mnasnet_1514,38.512,0
,mnasnet_515,52.887,0
,mnasnet_204,39.122,0
,mnasnet_965,26.204,0
,mnasnet_1740,42.470,0
,mnasnet_1833,39.152,0
,mnasnet_409,33.817,0
,mnasnet_1391,41.710,0
,mnasnet_912,41.304,0
,mnasnet_1647,53.969,0
,mnasnet_1243,43.730,0
,mnasnet_1685,34.446,0
,mnasnet_764,48.444,0
,mnasnet_1673,25.852,0
,mnasnet_1096,44.007,0
,mnasnet_1226,46.932,0
,mnasnet_1385,43.692,0
,mnasnet_1796,42.263,0
,mnasnet_715,37.123,0
,mnasnet_1962,41.010,0
,mnasnet_1603,43.631,0
,mnasnet_1492,39.739,0
,mnasnet_960,35.719,0
,mnasnet_74,38.805,0
,mnasnet_1910,40.876,0
,mnasnet_1066,31.924,0
,mnasnet_431,39.988,0
,mnasnet_1691,39.444,0
,mnasnet_1355,37.769,0
,mnasnet_301,31.450,0
,mnasnet_229,42.246,0
,mnasnet_481,34.086,0
,mnasnet_916,40.679,0
,mnasnet_1061,32.735,0
,mnasnet_1275,32.488,0
,mnasnet_1719,40.343,0
,mnasnet_788,36.660,0
,mnasnet_923,41.533,0
,mnasnet_1595,39.240,0
,mnasnet_1646,49.320,0
,mnasnet_59,30.935,0
,mnasnet_769,44.958,0
,mnasnet_1479,40.245,0
,mnasnet_361,28.778,0
,mnasnet_414,34.163,0
,mnasnet_1927,25.546,0
,mnasnet_1322,38.224,0
,mnasnet_1405,42.248,0
,mnasnet_1408,33.454,0
,mnasnet_6,41.433,0
,mnasnet_1389,35.318,0
,mnasnet_1446,23.550,0
,mnasnet_473,33.892,0
,mnasnet_1386,44.958,0
,mnasnet_1217,26.218,0
,mnasnet_1628,41.881,0
,mnasnet_1065,28.233,0
,mnasnet_1551,34.782,0
,mnasnet_1556,43.479,0
,mnasnet_1475,42.013,0
,mnasnet_1548,39.762,0
,mnasnet_384,39.031,0
,mnasnet_862,48.734,0
,mnasnet_744,28.401,0
,mnasnet_880,25.642,0
,mnasnet_1482,42.232,0
,mnasnet_112,27.905,0
,mnasnet_10,48.704,0
,mnasnet_1140,31.607,0
,mnasnet_482,40.347,0
,mnasnet_1985,30.876,0
,mnasnet_128,40.246,0
,mnasnet_1445,32.069,0
,mnasnet_1780,37.319,0
,mnasnet_897,28.608,0
,mnasnet_1519,35.409,0
,mnasnet_281,46.656,0
,mnasnet_577,32.702,0
,mnasnet_103,40.483,0
,mnasnet_1857,43.017,0
,mnasnet_1314,41.204,0
,mnasnet_943,49.057,0
,mnasnet_397,28.743,0
,mnasnet_980,29.544,0
,mnasnet_260,39.028,0
,mnasnet_1163,28.928,0
,mnasnet_1321,41.828,0
,mnasnet_297,32.508,0
,mnasnet_1718,27.762,0
,mnasnet_273,42.912,0
,mnasnet_31,38.972,0
,mnasnet_290,29.370,0
,mnasnet_1340,34.411,0
,mnasnet_1425,40.026,0
,mnasnet_551,42.728,0
,mnasnet_495,33.204,0
,mnasnet_76,49.762,0
,mnasnet_1741,32.316,0
,mnasnet_864,31.781,0
,mnasnet_749,32.992,0
,mnasnet_124,51.469,0
,mnasnet_341,31.537,0
,mnasnet_1891,28.215,0
,mnasnet_57,59.270,0
,mnasnet_380,27.216,0
,mnasnet_544,43.884,0
,mnasnet_1571,39.935,0
,mnasnet_1904,29.790,0
,mnasnet_392,44.888,0
,mnasnet_1469,22.093,0
,mnasnet_1795,47.325,0
,mnasnet_647,43.536,0
,mnasnet_611,28.797,0
,mnasnet_752,37.864,0
,mnasnet_362,41.324,0
,mnasnet_1801,50.813,0
,mnasnet_1716,31.881,0
,mnasnet_614,48.494,0
,mnasnet_844,30.440,0
,mnasnet_1614,38.938,0
,mnasnet_833,32.336,0
,mnasnet_652,37.930,0
,mnasnet_28,37.072,0
,mnasnet_603,53.402,0
,mnasnet_1573,31.397,0
,mnasnet_1591,32.002,0
,mnasnet_1104,51.166,0
,mnasnet_151,31.541,0
,mnasnet_1592,43.765,0
,mnasnet_1961,55.836,0
,mnasnet_66,44.299,0
,mnasnet_1503,36.590,0
,mnasnet_701,52.259,0
,mnasnet_580,34.568,0
,mnasnet_354,33.346,0
,mnasnet_815,37.835,0
,mnasnet_570,30.791,0
,mnasnet_573,48.588,0
,mnasnet_1095,35.426,0
,mnasnet_1588,43.374,0
,mnasnet_1399,26.796,0
,mnasnet_194,34.389,0
,mnasnet_971,39.712,0
,mnasnet_1975,36.348,0
,mnasnet_239,24.223,0
,mnasnet_1308,40.918,0
,mnasnet_1523,43.309,0
,mnasnet_1658,42.280,0
,mnasnet_1862,38.307,0
,mnasnet_810,47.905,0
,mnasnet_1287,44.835,0
,mnasnet_419,32.388,0
,mnasnet_664,34.905,0
,mnasnet_1693,33.108,0
,mnasnet_190,35.893,0
,mnasnet_402,47.608,0
,mnasnet_413,32.512,0
,mnasnet_1734,38.342,0
,mnasnet_272,30.567,0
,mnasnet_1297,33.230,0
,mnasnet_1983,31.214,0
,mnasnet_1008,35.027,0
,mnasnet_920,60.607,0
,mnasnet_192,39.407,0
,mnasnet_716,32.405,0
,mnasnet_1564,29.209,0
,mnasnet_189,28.642,0
,mnasnet_1723,28.576,0
,mnasnet_748,37.644,0
,mnasnet_1562,36.198,0
,mnasnet_625,28.755,0
,mnasnet_1819,30.771,0
,mnasnet_694,54.184,0
,mnasnet_1787,38.711,0
,mnasnet_107,33.376,0
,mnasnet_599,30.470,0
,mnasnet_355,34.032,0
,mnasnet_494,45.550,0
,mnasnet_1042,34.188,0
,mnasnet_690,35.100,0
,mnasnet_351,36.467,0
,mnasnet_527,35.926,0
,mnasnet_50,34.004,0
,mnasnet_11,50.747,0
,mnasnet_1929,38.571,0
,mnasnet_1541,46.015,0
,mnasnet_1814,29.302,0
,mnasnet_818,40.532,0
,mnasnet_878,33.977,0
,mnasnet_284,52.690,0
,mnasnet_1218,51.300,0
,mnasnet_1677,33.727,0
,mnasnet_438,46.032,0
,mnasnet_758,40.178,0
,mnasnet_126,38.772,0
,mnasnet_624,38.501,0
,mnasnet_1115,36.848,0
,mnasnet_979,36.567,0
,mnasnet_988,33.771,0
,mnasnet_1630,37.399,0
,mnasnet_1419,30.146,0
,mnasnet_849,28.857,0
,mnasnet_1672,36.909,0
,mnasnet_49,25.689,0
,mnasnet_1506,35.136,0
,mnasnet_1631,32.815,0
,mnasnet_88,31.291,0
,mnasnet_1151,29.968,0
,mnasnet_1680,46.334,0
,mnasnet_139,47.347,0
,mnasnet_479,41.953,0
,mnasnet_426,33.662,0
,mnasnet_1278,49.979,0
,mnasnet_1701,33.263,0
,mnasnet_1194,34.887,0
,mnasnet_391,33.131,0
,mnasnet_1034,50.116,0
,mnasnet_1770,21.094,0
,mnasnet_111,50.353,0
,mnasnet_732,34.886,0
,mnasnet_1463,23.887,0
,mnasnet_656,34.342,0
,mnasnet_1674,29.968,0
,mnasnet_838,30.566,0
,mnasnet_227,32.984,0
,mnasnet_1157,42.870,0
,mnasnet_1172,38.606,0
,mnasnet_1909,28.904,0
,mnasnet_612,46.271,0
,mnasnet_1617,49.470,0
,mnasnet_1831,39.192,0
,mnasnet_765,41.648,0
,mnasnet_1522,37.595,0
,mnasnet_842,33.238,0
,mnasnet_335,33.295,0
,mnasnet_804,33.229,0
,mnasnet_726,33.360,0
,mnasnet_1480,36.048,0
,mnasnet_1134,32.672,0
,mnasnet_1928,41.798,0
,mnasnet_158,33.643,0
,mnasnet_206,56.554,0
,mnasnet_7,35.761,0
,mnasnet_1394,40.334,0
,mnasnet_601,37.555,0
,mnasnet_263,31.283,0
,mnasnet_12,30.504,0
,mnasnet_820,36.902,0
,mnasnet_323,41.275,0
,mnasnet_304,29.193,0
,mnasnet_1024,35.457,0
,mnasnet_976,28.808,0
,mnasnet_429,42.427,0
,mnasnet_759,29.444,0
,mnasnet_175,40.561,0
,mnasnet_737,41.409,0
,mnasnet_1246,27.996,0
,mnasnet_1559,39.532,0
,mnasnet_313,36.077,0
,mnasnet_271,37.195,0
,mnasnet_1393,40.233,0
,mnasnet_953,31.483,0
,mnasnet_1931,51.380,0
,mnasnet_39,31.235,0
,mnasnet_34,40.385,0
,mnasnet_961,39.961,0
,mnasnet_672,34.011,0
,mnasnet_1055,29.449,0
,mnasnet_893,37.728,0
,mnasnet_1033,30.631,0
,mnasnet_1071,31.203,0
,mnasnet_15,34.938,0
,mnasnet_534,44.766,0
,mnasnet_999,42.751,0
,mnasnet_593,36.060,0
,mnasnet_1190,38.197,0
,mnasnet_1174,41.679,0
,mnasnet_300,43.533,0
,mnasnet_1841,37.284,0
,mnasnet_287,39.241,0
,mnasnet_306,35.987,0
,mnasnet_1668,28.161,0
,mnasnet_1735,38.600,0
,mnasnet_1069,45.266,0
,mnasnet_525,46.114,0
,mnasnet_378,41.189,0
,mnasnet_1977,38.835,0
,mnasnet_1212,53.385,0
,mnasnet_499,28.074,0
,mnasnet_1568,31.727,0
,mnasnet_776,41.199,0
,mnasnet_1730,24.590,0
,mnasnet_958,30.922,0
,mnasnet_648,32.594,0
,mnasnet_1769,33.314,0
,mnasnet_346,48.645,0
,mnasnet_1810,45.405,0
,mnasnet_1851,32.131,0
,mnasnet_687,30.141,0
,mnasnet_486,37.966,0
,mnasnet_1662,41.856,0
,mnasnet_569,38.958,0
,mnasnet_91,51.068,0
,mnasnet_588,39.749,0
,mnasnet_615,38.925,0
,mnasnet_1238,34.902,0
,mnasnet_1700,34.822,0
,mnasnet_1957,44.560,0
,mnasnet_649,35.957,0
,mnasnet_172,37.931,0
,mnasnet_620,26.247,0
,mnasnet_1439,34.133,0
,mnasnet_99,37.389,0
,mnasnet_458,40.525,0
,mnasnet_1775,41.898,0
,mnasnet_1211,48.410,0
,mnasnet_1577,36.993,0
,mnasnet_1897,44.910,0
,mnasnet_385,38.767,0
,mnasnet_20,43.795,0
,mnasnet_875,43.544,0
,mnasnet_493,34.196,0
,mnasnet_446,44.367,0
,mnasnet_1203,27.718,0
,mnasnet_851,24.987,0
,mnasnet_143,37.713,0
,mnasnet_1844,37.568,0
,mnasnet_35,36.440,0
,mnasnet_853,47.170,0
,mnasnet_869,47.356,0
,mnasnet_1934,31.522,0
,mnasnet_1077,38.295,0
,mnasnet_1683,33.379,0
,mnasnet_234,41.945,0
,mnasnet_1039,42.439,0
,mnasnet_468,32.773,0
,mnasnet_1852,33.364,0
,mnasnet_166,41.271,0
,mnasnet_1811,25.295,0
,mnasnet_1116,38.890,0
,mnasnet_1171,24.217,0
,mnasnet_663,43.104,0
,mnasnet_329,37.600,0
,mnasnet_71,35.361,0
,mnasnet_718,31.461,0
,mnasnet_26,34.124,0
,mnasnet_1825,43.915,0
,mnasnet_25,43.865,0
,mnasnet_180,39.899,0
,mnasnet_784,44.508,0
,mnasnet_1426,29.509,0
,mnasnet_247,36.808,0
,mnasnet_1686,40.919,0
,mnasnet_662,41.789,0
,mnasnet_1269,47.049,0
,mnasnet_1270,31.532,0
,mnasnet_1310,30.861,0
,mnasnet_1526,29.059,0
,mnasnet_418,36.579,0
,mnasnet_1046,56.231,0
,mnasnet_1840,31.893,0
,mnasnet_1505,42.494,0
,mnasnet_1443,48.507,0
,mnasnet_1987,58.872,0
,mnasnet_706,41.394,0
,mnasnet_173,29.435,0
,mnasnet_766,34.798,0
,mnasnet_1597,31.483,0
,mnasnet_1575,33.676,0
,mnasnet_138,41.147,0
,mnasnet_1296,27.846,0
,mnasnet_1524,30.744,0
,mnasnet_845,40.572,0
,mnasnet_370,31.270,0
,mnasnet_972,34.191,0
,mnasnet_1703,33.285,0
,mnasnet_811,44.935,0
,mnasnet_634,33.992,0
,mnasnet_530,32.352,0
,mnasnet_1567,44.148,0
,mnasnet_1959,27.919,0
,mnasnet_596,39.457,0
,mnasnet_1817,46.471,0
,mnasnet_1240,29.851,0
,mnasnet_524,52.140,0
,mnasnet_130,56.839,0
,mnasnet_135,51.540,0
,mnasnet_119,55.658,0
,mnasnet_721,44.898,0
,mnasnet_1397,39.264,0
,mnasnet_408,27.698,0
,mnasnet_631,47.810,0
,mnasnet_646,36.943,0
,mnasnet_1542,27.060,0
,mnasnet_1539,46.315,0
,mnasnet_526,44.946,0
,mnasnet_874,28.397,0
,mnasnet_1390,61.049,0
,mnasnet_1165,40.500,0
,mnasnet_174,32.128,0
,mnasnet_516,40.839,0
,mnasnet_1878,39.717,0
,mnasnet_1253,41.043,0
,mnasnet_1435,41.896,0
,mnasnet_1958,42.523,0
,mnasnet_1005,33.512,0
,mnasnet_97,29.195,0
,mnasnet_1902,33.988,0
,mnasnet_1907,46.183,0
,mnasnet_1624,37.128,0
,mnasnet_327,45.943,0
,mnasnet_817,31.270,0
,mnasnet_638,31.381,0
,mnasnet_1580,31.309,0
,mnasnet_768,37.398,0
,mnasnet_1940,43.133,0
,mnasnet_682,37.615,0
,mnasnet_1832,45.796,0
,mnasnet_839,35.201,0
,mnasnet_1259,28.398,0
,mnasnet_762,29.791,0
,mnasnet_803,36.287,0
,mnasnet_1465,59.575,0
,mnasnet_1883,25.918,0
,mnasnet_589,36.758,0
,mnasnet_1088,27.044,0
,mnasnet_939,42.266,0
,mnasnet_543,57.498,0
,mnasnet_1621,34.963,0
,mnasnet_1661,35.353,0
,mnasnet_572,42.845,0
,mnasnet_861,40.614,0
,mnasnet_1815,33.396,0
,mnasnet_859,28.661,0
,mnasnet_1098,34.793,0
,mnasnet_356,33.743,0
,mnasnet_225,46.287,0
,mnasnet_1679,45.026,0
,mnasnet_680,31.571,0
,mnasnet_607,39.743,0
,mnasnet_854,26.653,0
,mnasnet_1021,38.892,0
,mnasnet_1257,36.473,0
,mnasnet_145,54.745,0
,mnasnet_1197,33.706,0
,mnasnet_823,44.134,0
,mnasnet_773,37.338,0
,mnasnet_252,43.378,0
,mnasnet_1294,43.301,0
,mnasnet_1494,22.189,0
,mnasnet_78,42.183,0
,mnasnet_710,36.482,0
,mnasnet_1991,33.705,0
,mnasnet_1436,35.818,0
,mnasnet_1659,36.723,0
,mnasnet_741,40.594,0
,mnasnet_924,35.055,0
,mnasnet_152,38.015,0
,mnasnet_962,33.320,0
,mnasnet_775,39.568,0
,mnasnet_559,38.152,0
,mnasnet_1312,28.546,0
,mnasnet_812,37.063,0
,mnasnet_1869,34.266,0
,mnasnet_127,47.318,0
,mnasnet_1941,29.462,0
,mnasnet_787,51.472,0
,mnasnet_1850,44.662,0
,mnasnet_681,42.997,0
,mnasnet_23,40.723,0
,mnasnet_1130,50.561,0
,mnasnet_394,41.743,0
,mnasnet_1781,40.292,0
,mnasnet_793,35.353,0
,mnasnet_1451,41.876,0
,mnasnet_69,36.578,0
,mnasnet_1590,46.364,0
,mnasnet_1863,33.087,0
,mnasnet_946,30.692,0
,mnasnet_1016,43.321,0
,mnasnet_63,28.605,0
,mnasnet_388,40.452,0
,mnasnet_1371,33.993,0
,mnasnet_1868,41.941,0
,mnasnet_901,37.808,0
,mnasnet_332,32.743,0
,mnasnet_268,36.019,0
,mnasnet_872,37.968,0
,mnasnet_1193,57.295,0
,mnasnet_382,34.486,0
,mnasnet_1414,47.342,0
,mnasnet_709,49.955,0
,mnasnet_207,27.968,0
,mnasnet_1474,40.964,0
,mnasnet_67,41.317,0
,mnasnet_1032,40.359,0
,mnasnet_64,45.014,0
,mnasnet_498,42.249,0
,mnasnet_1198,33.079,0
,mnasnet_478,30.651,0
,mnasnet_886,22.314,0
,mnasnet_84,26.157,0
,mnasnet_316,31.475,0
,mnasnet_450,37.726,0
,mnasnet_1280,43.881,0
,mnasnet_540,31.288,0
,mnasnet_925,47.603,0
,mnasnet_322,39.590,0
,mnasnet_62,32.294,0
,mnasnet_141,32.697,0
,mnasnet_1486,55.419,0
,mnasnet_1974,31.663,0
,mnasnet_279,48.781,0
,mnasnet_1047,35.382,0
,mnasnet_1406,34.012,0
,mnasnet_448,41.637,0
,mnasnet_1973,44.903,0
,mnasnet_887,46.399,0
,mnasnet_235,36.619,0
,mnasnet_895,30.261,0
,mnasnet_1078,31.300,0
,mnasnet_1618,26.820,0
,mnasnet_1438,37.325,0
,mnasnet_1225,30.817,0
,mnasnet_1727,36.761,0
,mnasnet_1566,27.788,0
,mnasnet_684,32.732,0
,mnasnet_350,44.463,0
,mnasnet_830,30.222,0
,mnasnet_1237,24.643,0
,mnasnet_1401,42.815,0
,mnasnet_202,55.690,0
,mnasnet_1457,48.180,0
,mnasnet_1717,31.020,0
,mnasnet_1620,26.130,0
,mnasnet_1377,38.912,0
,mnasnet_1944,48.748,0
,mnasnet_1675,40.231,0
,mnasnet_1772,31.908,0
,mnasnet_195,37.196,0
,mnasnet_1663,47.632,0
,mnasnet_1000,27.085,0
,mnasnet_822,26.059,0
,mnasnet_1083,27.405,0
,mnasnet_41,26.447,0
,mnasnet_1749,28.009,0
,mnasnet_801,25.943,0
,mnasnet_40,43.439,0
,mnasnet_1173,32.103,0
,mnasnet_1918,37.028,0
,mnasnet_1006,41.421,0
,mnasnet_1754,30.238,0
,mnasnet_1791,37.305,0
,mnasnet_1778,34.886,0
,mnasnet_1956,42.940,0
,mnasnet_1936,25.252,0
,mnasnet_1498,39.817,0
,mnasnet_1076,48.415,0
,mnasnet_447,44.965,0
,mnasnet_154,29.228,0
,mnasnet_1227,35.988,0
,mnasnet_338,30.534,0
,mnasnet_967,27.525,0
,mnasnet_1830,26.423,0
,mnasnet_668,48.431,0
,mnasnet_1404,39.070,0
,mnasnet_315,32.124,0
,mnasnet_19,43.400,0
,mnasnet_140,30.647,0
,mnasnet_1258,48.150,0
,mnasnet_1792,47.721,0
,mnasnet_326,25.259,0
,mnasnet_1152,36.461,0
,mnasnet_1821,37.555,0
,mnasnet_164,31.098,0
,mnasnet_1184,35.177,0
,mnasnet_568,24.832,0
,mnasnet_900,55.210,0
,mnasnet_8,36.637,0
,mnasnet_368,39.668,0
,mnasnet_487,37.912,0
,mnasnet_1087,36.936,0
,mnasnet_1557,28.370,0
,mnasnet_1655,43.467,0
,mnasnet_1750,30.936,0
,mnasnet_1040,55.306,0
,mnasnet_1729,47.287,0
,mnasnet_383,32.838,0
,mnasnet_1290,33.106,0
,mnasnet_1712,46.083,0
,mnasnet_1316,27.005,0
,mnasnet_1235,45.626,0
,mnasnet_1464,38.104,0
,mnasnet_1124,51.715,0
,mnasnet_161,27.359,0
,mnasnet_292,41.999,0
,mnasnet_743,32.365,0
,mnasnet_1319,41.942,0
,mnasnet_208,32.500,0
,mnasnet_98,37.591,0
,mnasnet_1380,36.642,0
,mnasnet_1170,27.991,0
,mnasnet_1353,42.594,0
,mnasnet_928,37.865,0
,mnasnet_1145,60.997,0
,mnasnet_792,36.718,0
,mnasnet_911,40.260,0
,mnasnet_1836,51.738,0
,mnasnet_1924,52.149,0
,mnasnet_1930,33.085,0
,mnasnet_1873,28.572,0
,mnasnet_171,49.576,0
,mnasnet_68,27.118,0
,mnasnet_622,38.477,0
,mnasnet_782,36.754,0
,mnasnet_1251,36.819,0
,mnasnet_1561,32.137,0
,mnasnet_1208,47.239,0
,mnasnet_1311,47.421,0
,mnasnet_1805,31.131,0
,mnasnet_1510,42.831,0
,mnasnet_1616,58.412,0
,mnasnet_1536,44.950,0
,mnasnet_575,26.665,0
,mnasnet_548,51.879,0
,mnasnet_1711,35.199,0
,mnasnet_522,47.500,0
,mnasnet_122,33.618,0
,mnasnet_955,37.327,0
,mnasnet_819,38.289,0
,mnasnet_288,43.937,0
,mnasnet_123,27.858,0
,mnasnet_1938,33.477,0
,mnasnet_963,31.469,0
,mnasnet_892,34.642,0
,mnasnet_584,32.529,0
,mnasnet_1298,42.856,0
,mnasnet_557,38.884,0
,mnasnet_1921,31.584,0
,mnasnet_80,34.993,0
,mnasnet_1009,50.767,0
,mnasnet_275,38.249,0
,mnasnet_1147,37.766,0
,mnasnet_1352,39.183,0
,mnasnet_442,34.963,0
,mnasnet_944,33.576,0
,mnasnet_1162,33.144,0
,mnasnet_986,46.964,0
,mnasnet_1676,49.890,0
,mnasnet_1011,37.622,0
,mnasnet_1300,42.507,0
,mnasnet_504,39.494,0
,mnasnet_1753,31.647,0
,mnasnet_363,28.871,0
,mnasnet_253,46.742,0
,mnasnet_1030,27.487,0
,mnasnet_1827,33.417,0
,mnasnet_1014,32.764,0
,mnasnet_318,36.307,0
,mnasnet_1417,51.817,0
,mnasnet_432,40.998,0
,mnasnet_184,35.076,0
,mnasnet_848,49.982,0
,mnasnet_1265,34.144,0
,mnasnet_1761,43.351,0
,mnasnet_1528,37.421,0
,mnasnet_298,39.350,0
,mnasnet_1737,25.088,0
,mnasnet_824,27.126,0
,mnasnet_1594,28.355,0
,mnasnet_1045,34.165,0
,mnasnet_1511,36.133,0
,mnasnet_657,35.471,0
,mnasnet_756,37.719,0
,mnasnet_1978,37.939,0
,mnasnet_1666,32.908,0
,mnasnet_1052,35.785,0
,mnasnet_947,29.129,0
,mnasnet_1102,30.861,0
,mnasnet_242,40.373,0
,mnasnet_930,36.696,0
,mnasnet_440,27.238,0
,mnasnet_1466,33.749,0
,mnasnet_1879,42.374,0
,mnasnet_469,49.927,0
,mnasnet_767,37.103,0
,mnasnet_1255,23.768,0
,mnasnet_937,36.425,0
,mnasnet_186,29.627,0
,mnasnet_1776,50.392,0
,mnasnet_231,28.528,0
,mnasnet_1118,27.061,0
,mnasnet_630,36.264,0
,mnasnet_1229,33.343,0
,mnasnet_238,34.547,0
,mnasnet_1462,44.278,0
,mnasnet_636,34.768,0
,mnasnet_1733,41.146,0
,mnasnet_1207,37.067,0
,mnasnet_110,31.021,0
,mnasnet_1692,48.085,0
,mnasnet_480,37.284,0
,mnasnet_217,36.371,0
,mnasnet_294,31.588,0
,mnasnet_1606,33.956,0
,mnasnet_1341,29.329,0
,mnasnet_1533,42.736,0
,mnasnet_1785,33.438,0
,mnasnet_707,35.774,0
,mnasnet_390,31.451,0
,mnasnet_565,36.253,0
,mnasnet_1376,30.083,0
,mnasnet_401,33.559,0
,mnasnet_702,39.525,0
,mnasnet_1963,37.149,0
,mnasnet_1468,32.201,0
,mnasnet_1584,30.119,0
,mnasnet_1154,40.426,0
,mnasnet_1398,41.951,0
,mnasnet_1090,37.251,0
,mnasnet_218,31.856,0
,mnasnet_1599,44.106,0
,mnasnet_457,27.143,0
,mnasnet_266,34.814,0
,mnasnet_1200,43.269,0
,mnasnet_54,39.086,0
,mnasnet_319,51.117,0
,mnasnet_1248,38.811,0
,mnasnet_1028,42.255,0
,mnasnet_1625,26.778,0
,mnasnet_1760,26.476,0
,mnasnet_1089,32.542,0
,mnasnet_197,30.631,0
,mnasnet_461,35.508,0
,mnasnet_547,32.879,0
,mnasnet_579,28.604,0
,mnasnet_1816,27.960,0
,mnasnet_1351,30.441,0
,mnasnet_1667,36.402,0
,mnasnet_1906,48.119,0
,mnasnet_750,55.052,0
,mnasnet_1444,38.539,0
,mnasnet_898,32.883,0
,mnasnet_214,45.927,0
,mnasnet_546,40.821,0
,mnasnet_541,32.427,0
,mnasnet_1262,32.600,0
,mnasnet_1563,39.561,0
,mnasnet_1864,32.238,0
,mnasnet_661,28.965,0
,mnasnet_1166,41.894,0
,mnasnet_586,36.331,0
,mnasnet_783,27.037,0
,mnasnet_36,38.436,0
,mnasnet_94,50.079,0
,mnasnet_46,33.268,0
,mnasnet_1332,41.858,0
,mnasnet_686,39.274,0
,mnasnet_32,41.774,0
,mnasnet_1301,44.607,0
,mnasnet_1073,41.783,0
,mnasnet_1155,49.546,0
,mnasnet_83,26.977,0
,mnasnet_836,34.572,0
,mnasnet_1252,26.283,0
,mnasnet_1177,28.574,0
,mnasnet_994,40.492,0
,mnasnet_359,34.695,0
,mnasnet_1081,35.087,0
,mnasnet_1808,30.848,0
,mnasnet_1714,33.398,0
,mnasnet_1800,36.922,0
,mnasnet_455,29.630,0
,mnasnet_1969,44.520,0
,mnasnet_1236,34.913,0
,mnasnet_475,40.202,0
,mnasnet_1665,41.954,0
,mnasnet_1615,39.466,0
,mnasnet_645,46.046,0
,mnasnet_888,33.618,0
,mnasnet_1993,43.654,0
,mnasnet_1037,33.966,0
,mnasnet_210,46.331,0
,mnasnet_454,27.076,0
,mnasnet_1342,35.048,0
,mnasnet_1967,26.957,0
,mnasnet_1560,38.882,0
,mnasnet_1968,35.775,0
,mnasnet_1642,30.378,0
,mnasnet_1421,40.276,0
,mnasnet_600,33.319,0
,mnasnet_852,42.789,0
,mnasnet_1263,38.326,0
,mnasnet_1809,43.379,0
,mnasnet_269,41.890,0
,mnasnet_1448,32.970,0
,mnasnet_831,23.849,0
,mnasnet_1271,43.232,0
,mnasnet_399,26.301,0
,mnasnet_1601,30.923,0
,mnasnet_1871,34.280,0
,mnasnet_1835,47.338,0
,mnasnet_1422,51.304,0
,mnasnet_1554,48.864,0
,mnasnet_789,54.039,0
,mnasnet_506,50.777,0
,mnasnet_1074,31.631,0
,mnasnet_24,31.871,0
,mnasnet_809,36.340,0
,mnasnet_1395,29.663,0
,mnasnet_1133,38.739,0
,mnasnet_1783,33.035,0
,mnasnet_729,29.755,0
,mnasnet_1109,42.514,0
,mnasnet_1623,42.219,0
,mnasnet_590,49.530,0
,mnasnet_755,26.732,0
,mnasnet_806,30.575,0
,mnasnet_182,47.873,0
,mnasnet_1739,35.326,0
,mnasnet_51,30.505,0
,mnasnet_1698,36.557,0
,mnasnet_1056,26.913,0
,mnasnet_519,23.042,0
,mnasnet_444,34.865,0
,mnasnet_1029,39.149,0
,mnasnet_203,42.379,0
,mnasnet_873,29.441,0
,mnasnet_554,24.190,0
,mnasnet_321,37.941,0
,mnasnet_1923,22.305,0
,mnasnet_1013,27.078,0
,mnasnet_545,37.373,0
,mnasnet_459,36.871,0
,mnasnet_147,32.100,0
,mnasnet_489,51.166,0
,mnasnet_1762,36.413,0
,mnasnet_250,37.833,0
,mnasnet_1582,39.500,0
,mnasnet_734,42.002,0
,mnasnet_1953,26.832,0
,mnasnet_538,32.403,0
,mnasnet_1721,34.426,0
,mnasnet_981,36.856,0
,mnasnet_1018,35.176,0
,mnasnet_1947,30.131,0
,mnasnet_651,37.959,0
,mnasnet_470,41.477,0
,mnasnet_1856,50.573,0
,mnasnet_1156,44.913,0
,mnasnet_2,29.085,0
,mnasnet_1192,36.617,0
,mnasnet_1768,32.157,0
,mnasnet_902,34.436,0
,mnasnet_1724,32.291,0
,mnasnet_894,28.316,0
,mnasnet_1437,32.005,0
,mnasnet_1114,42.956,0
,mnasnet_1995,40.651,0
,mnasnet_571,39.646,0
,mnasnet_1304,29.089,0
,mnasnet_1434,40.074,0
,mnasnet_44,39.640,0
,mnasnet_330,36.210,0
,mnasnet_136,42.865,0
,mnasnet_403,23.159,0
,mnasnet_1328,38.436,0
,mnasnet_995,34.833,0
,mnasnet_224,35.174,0
,mnasnet_1982,33.656,0
,mnasnet_1707,37.151,0
,mnasnet_1937,44.653,0
,mnasnet_970,30.339,0
,mnasnet_1802,46.674,0
,mnasnet_1132,58.374,0
,mnasnet_731,27.863,0
,mnasnet_1260,44.988,0
,mnasnet_1121,38.728,0
,mnasnet_89,34.527,0
,mnasnet_1696,30.839,0
,mnasnet_1870,45.506,0
,mnasnet_780,45.067,0
,mnasnet_1747,33.193,0
,mnasnet_1651,42.675,0
,mnasnet_918,34.247,0
,mnasnet_1180,46.133,0
,mnasnet_1483,37.588,0
,mnasnet_807,41.072,0
,mnasnet_1149,39.206,0
,mnasnet_1636,28.135,0
,mnasnet_933,46.994,0
,mnasnet_1450,33.916,0
,mnasnet_1654,28.534,0
,mnasnet_945,47.456,0
,mnasnet_1144,36.179,0
,mnasnet_1164,50.327,0
,mnasnet_1303,26.409,0
,mnasnet_131,38.422,0
,mnasnet_120,39.396,0
,mnasnet_115,32.108,0
,mnasnet_1412,47.593,0
,mnasnet_129,38.427,0
,mnasnet_608,37.426,0
,mnasnet_1553,29.959,0
,mnasnet_102,35.908,0
,mnasnet_640,27.701,0
,mnasnet_882,41.018,0
,mnasnet_1935,29.583,0
,mnasnet_985,31.316,0
,mnasnet_1138,39.379,0
,mnasnet_246,32.377,0
,mnasnet_876,49.061,0
,mnasnet_114,35.993,0
,mnasnet_1420,37.099,0
,mnasnet_535,38.266,0
,mnasnet_1889,48.201,0
,mnasnet_405,49.125,0
,mnasnet_96,41.687,0
,mnasnet_1644,37.469,0
,mnasnet_1598,30.037,0
,mnasnet_1898,44.527,0
,mnasnet_412,42.443,0
,mnasnet_1022,36.107,0
,mnasnet_420,42.281,0
,mnasnet_0,41.157,0
,mnasnet_1687,31.169,0
,mnasnet_1210,33.255,0
,mnasnet_899,60.546,0
,mnasnet_375,31.695,0
,mnasnet_1477,49.040,0
,mnasnet_954,35.545,0
,mnasnet_671,34.885,0
,mnasnet_644,32.726,0
,mnasnet_510,41.304,0
,mnasnet_857,27.482,0
,mnasnet_484,28.671,0
,mnasnet_251,37.143,0
,mnasnet_1333,32.908,0
,mnasnet_796,28.369,0
,mnasnet_736,30.955,0
,mnasnet_1799,34.436,0
,mnasnet_798,41.735,0
,mnasnet_1641,39.787,0
,mnasnet_1690,42.991,0
,mnasnet_1933,26.039,0
,mnasnet_1544,42.791,0
,mnasnet_1460,46.447,0
,mnasnet_1146,55.965,0
,mnasnet_1216,38.912,0
,mnasnet_1748,44.254,0
,mnasnet_1001,45.115,0
,mnasnet_1023,38.884,0
,mnasnet_1515,45.744,0
,mnasnet_997,44.596,0
,mnasnet_485,38.038,0
,mnasnet_1403,47.742,0
,mnasnet_826,30.811,0
,mnasnet_1105,36.117,0
,mnasnet_617,29.761,0
,mnasnet_700,45.168,0
,mnasnet_348,42.069,0
,mnasnet_597,34.532,0
,mnasnet_117,38.730,0
,mnasnet_1608,34.475,0
,mnasnet_311,45.824,0
,mnasnet_79,41.339,0
,mnasnet_1911,38.161,0
,mnasnet_708,45.995,0
,mnasnet_877,30.849,0
,mnasnet_497,37.293,0
,mnasnet_334,27.852,0
,mnasnet_85,37.225,0
,mnasnet_904,43.818,0
,mnasnet_745,37.778,0
,mnasnet_1766,37.094,0
,mnasnet_1732,21.786,0
,mnasnet_1509,37.062,0
,mnasnet_1826,42.941,0
,mnasnet_423,38.304,0
,mnasnet_1330,45.632,0
,mnasnet_595,49.657,0
,mnasnet_1607,46.586,0
,mnasnet_840,37.527,0
,mnasnet_456,28.562,0
,mnasnet_1866,32.514,0
,mnasnet_1942,25.605,0
,mnasnet_310,40.752,0
,mnasnet_1490,47.848,0
,mnasnet_1652,39.182,0
,mnasnet_296,38.773,0
,mnasnet_1645,29.561,0
,mnasnet_1048,32.090,0
,mnasnet_973,25.153,0
,mnasnet_1499,27.090,0
,mnasnet_1128,40.268,0
,mnasnet_1550,38.110,0
,mnasnet_1354,46.672,0
,mnasnet_349,37.059,0
,mnasnet_1051,36.464,0
,mnasnet_1784,30.465,0
,mnasnet_1161,43.599,0
,mnasnet_1570,45.491,0
,mnasnet_846,28.760,0
,mnasnet_142,32.138,0
,mnasnet_1751,33.973,0
,mnasnet_1409,41.778,0
,mnasnet_1682,40.464,0
,mnasnet_987,39.013,0
,mnasnet_566,48.924,0
,mnasnet_742,45.229,0
,mnasnet_1126,29.932,0
,mnasnet_698,40.261,0
,mnasnet_1179,36.727,0
,mnasnet_1964,34.884,0
,mnasnet_476,34.158,0
,mnasnet_1182,28.166,0
,mnasnet_1574,33.145,0
,mnasnet_1699,34.311,0
,mnasnet_1372,44.931,0
,mnasnet_856,46.750,0
,mnasnet_148,37.953,0
,mnasnet_149,36.742,0
,mnasnet_1274,43.234,0
,mnasnet_496,47.440,0
,mnasnet_1872,34.890,0
,mnasnet_1855,31.571,0
,mnasnet_665,43.995,0
,mnasnet_430,31.956,0
,mnasnet_1384,34.136,0
,mnasnet_1586,42.308,0
,mnasnet_1858,45.554,0
,mnasnet_1988,38.014,0
,mnasnet_1478,30.023,0
,mnasnet_725,46.210,0
,mnasnet_1336,33.179,0
,mnasnet_9,46.862,0
,mnasnet_134,41.572,0
,mnasnet_1273,25.689,0
,mnasnet_1080,41.736,0
,mnasnet_467,38.718,0
,mnasnet_747,48.647,0
,mnasnet_594,38.140,0
,mnasnet_774,26.262,0
,mnasnet_941,51.744,0
,mnasnet_1143,23.343,0
,mnasnet_1195,40.313,0
,mnasnet_1629,38.473,0
,mnasnet_1020,30.060,0
,mnasnet_1633,24.586,0
,mnasnet_1281,49.886,0
,mnasnet_232,38.297,0
,mnasnet_1072,34.618,0
,mnasnet_658,47.903,0
,mnasnet_1428,39.598,0
,mnasnet_1453,42.799,0
,mnasnet_427,43.154,0
,mnasnet_1793,38.916,0
,mnasnet_1188,35.681,0
,mnasnet_785,41.181,0
,mnasnet_992,39.748,0
,mnasnet_1430,50.104,0
,mnasnet_1955,38.179,0
,mnasnet_177,26.936,0
,mnasnet_220,39.904,0
,mnasnet_1861,28.782,0
,mnasnet_1232,42.121,0
,mnasnet_228,36.832,0
,mnasnet_168,46.867,0
,mnasnet_1053,36.839,0
,mnasnet_425,53.962,0
,mnasnet_1035,37.873,0
,mnasnet_13,37.686,0
,mnasnet_465,32.300,0
,mnasnet_1093,30.513,0
,mnasnet_1990,25.027,0
,mnasnet_1345,39.729,0
,mnasnet_118,35.418,0
,mnasnet_1788,47.618,0
,mnasnet_1552,31.470,0
,mnasnet_512,39.898,0
,mnasnet_395,30.312,0
,mnasnet_1653,36.424,0
,mnasnet_1790,39.591,0
,mnasnet_1901,37.042,0
,mnasnet_934,33.244,0
,mnasnet_27,39.062,0
,mnasnet_410,36.462,0
,mnasnet_1357,39.294,0
,mnasnet_1794,38.088,0
,mnasnet_1681,43.367,0
,mnasnet_723,33.051,0
,mnasnet_337,30.392,0
,mnasnet_1516,34.407,0
,mnasnet_1004,33.244,0
,mnasnet_1356,44.181,0
,mnasnet_879,34.192,0
,mnasnet_633,58.669,0
,mnasnet_1331,41.638,0
,mnasnet_1908,58.749,0
,mnasnet_1123,36.405,0
,mnasnet_1520,28.247,0
,mnasnet_364,36.184,0
,mnasnet_884,46.292,0
,mnasnet_914,27.048,0
,mnasnet_1423,25.068,0
,mnasnet_1572,37.558,0
,mnasnet_720,37.708,0
,mnasnet_1120,42.147,0
,mnasnet_860,35.814,0
,mnasnet_404,45.974,0
,mnasnet_1777,46.713,0
,mnasnet_1454,35.377,0
,mnasnet_1050,31.402,0
,mnasnet_221,51.745,0
,mnasnet_642,27.795,0
,mnasnet_738,39.340,0
,mnasnet_537,37.420,0
,mnasnet_1339,35.893,0
,mnasnet_237,37.216,0
,mnasnet_691,42.579,0
,mnasnet_1984,44.218,0
,mnasnet_345,40.246,0
,mnasnet_471,49.459,0
,mnasnet_585,37.200,0
,mnasnet_176,33.451,0
,mnasnet_921,35.105,0
,mnasnet_1757,35.767,0
,mnasnet_626,32.846,0
,mnasnet_1221,52.743,0
,mnasnet_926,43.097,0
,mnasnet_1640,47.003,0
,mnasnet_343,36.699,0
,mnasnet_48,28.210,0
,mnasnet_92,33.957,0
,mnasnet_795,41.250,0
,mnasnet_1062,34.958,0
,mnasnet_289,39.057,0
,mnasnet_1295,42.414,0
,mnasnet_509,36.111,0
,mnasnet_156,38.808,0
,mnasnet_827,49.451,0
,mnasnet_660,38.919,0
,mnasnet_1949,31.411,0
,mnasnet_163,33.501,0
,mnasnet_1416,37.041,0
,mnasnet_320,27.488,0
,mnasnet_1091,31.836,0
,mnasnet_1402,29.758,0
,mnasnet_514,28.486,0
,mnasnet_492,32.040,0
,mnasnet_373,33.842,0
,mnasnet_896,35.152,0
,mnasnet_800,46.771,0
,mnasnet_643,35.568,0
,mnasnet_909,45.343,0
,mnasnet_169,39.339,0
,mnasnet_16,38.978,0
,mnasnet_1113,31.130,0
,mnasnet_1261,32.492,0
,mnasnet_443,34.387,0
,mnasnet_1965,40.740,0
,mnasnet_336,45.402,0
,mnasnet_1517,36.672,0
,mnasnet_56,36.979,0
,mnasnet_1565,30.907,0
,mnasnet_460,28.482,0
,mnasnet_303,44.101,0
,mnasnet_1738,46.121,0
,mnasnet_1063,42.387,0
,mnasnet_30,44.953,0
,mnasnet_1992,37.703,0
,mnasnet_1945,39.502,0
,mnasnet_714,42.018,0
,mnasnet_18,32.033,0
,mnasnet_291,49.971,0
,mnasnet_1538,37.379,0
,mnasnet_1027,36.199,0
,mnasnet_906,40.826,0
,mnasnet_679,49.697,0
,mnasnet_1960,49.597,0
,mnasnet_198,36.656,0
,mnasnet_200,34.645,0
,mnasnet_87,40.702,0
,mnasnet_908,41.539,0
,mnasnet_280,38.254,0
,mnasnet_1501,37.392,0
,mnasnet_1176,31.542,0
,mnasnet_132,41.776,0
,mnasnet_1204,34.016,0
,mnasnet_797,36.370,0
,mnasnet_931,34.482,0
,mnasnet_1834,39.268,0
,mnasnet_1382,38.321,0
,mnasnet_1555,31.585,0
,mnasnet_627,37.452,0
,mnasnet_740,49.106,0
,mnasnet_689,35.916,0
,mnasnet_58,44.338,0
,mnasnet_761,53.310,0
,mnasnet_452,32.735,0
,mnasnet_211,53.657,0
,mnasnet_1407,34.252,0
,mnasnet_374,31.120,0
,mnasnet_1715,36.129,0
,mnasnet_1127,33.408,0
,mnasnet_1986,38.010,0
,mnasnet_1705,33.809,0
,mnasnet_201,31.553,0
,mnasnet_155,40.126,0
,mnasnet_890,26.881,0
,mnasnet_1350,55.907,0
,mnasnet_371,33.495,0
,mnasnet_416,45.504,0
,mnasnet_1549,45.276,0
,mnasnet_1313,44.099,0
,mnasnet_258,43.168,0
,mnasnet_1324,30.198,0
,mnasnet_676,54.460,0
,mnasnet_1094,43.763,0
,mnasnet_978,33.098,0
,mnasnet_22,44.759,0
,mnasnet_1728,38.243,0
,mnasnet_1886,40.323,0
,mnasnet_435,41.518,0
,mnasnet_695,38.774,0
,mnasnet_1892,38.904,0
,mnasnet_1044,45.813,0
,mnasnet_1099,29.611,0
,mnasnet_1349,30.104,0
,mnasnet_779,35.774,0
,mnasnet_685,38.709,0
,mnasnet_609,41.869,0
,mnasnet_1684,37.528,0
,mnasnet_1223,39.032,0
,mnasnet_966,40.594,0
,mnasnet_1038,36.318,0
,mnasnet_325,34.028,0
,mnasnet_753,48.474,0
,mnasnet_1230,41.997,0
,mnasnet_1267,34.076,0
,mnasnet_1537,36.740,0
,mnasnet_483,33.050,0
,mnasnet_1853,41.086,0
,mnasnet_1797,33.639,0
,mnasnet_1589,37.140,0
,mnasnet_1131,34.936,0
,mnasnet_77,36.858,0
,mnasnet_1282,39.916,0
,mnasnet_1244,33.169,0
,mnasnet_1493,39.710,0
,mnasnet_248,36.597,0
,mnasnet_814,48.652,0
,mnasnet_302,47.942,0
,mnasnet_1943,28.912,0
,mnasnet_1731,25.283,0
,mnasnet_230,30.526,0
,mnasnet_1622,42.415,0
,mnasnet_1250,50.042,0
,mnasnet_1122,60.229,0
,mnasnet_1581,31.005,0
,mnasnet_558,41.849,0
,mnasnet_324,36.246,0
,mnasnet_539,29.087,0
,mnasnet_1153,43.456,0
,mnasnet_1713,49.166,0
,mnasnet_116,39.856,0
,mnasnet_439,39.614,0
,mnasnet_1318,45.683,0
,mnasnet_278,33.185,0
,mnasnet_1387,39.704,0
,mnasnet_256,34.982,0
,mnasnet_1106,36.860,0
,mnasnet_38,27.297,0
,mnasnet_1268,37.201,0
,mnasnet_233,38.748,0
,mnasnet_713,45.461,0
,mnasnet_312,39.357,0
,mnasnet_428,32.862,0
,mnasnet_490,41.575,0
,mnasnet_424,26.282,0
,mnasnet_641,35.501,0
,mnasnet_1241,36.752,0
,mnasnet_133,42.495,0
,mnasnet_974,44.328,0
,mnasnet_472,39.509,0
,mnasnet_1771,33.756,0
,mnasnet_616,39.430,0
,mnasnet_1981,33.384,0
,mnasnet_655,42.650,0
,mnasnet_1125,34.513,0
,mnasnet_717,37.676,0
,mnasnet_167,37.949,0
,mnasnet_523,33.378,0
,mnasnet_100,35.896,0
,mnasnet_653,33.495,0
,mnasnet_1919,39.335,0
,mnasnet_891,35.146,0
,mnasnet_989,35.237,0
,mnasnet_1609,42.895,0
,mnasnet_1736,41.031,0
,mnasnet_236,25.335,0
,mnasnet_52,31.895,0
,mnasnet_683,36.529,0
,mnasnet_209,24.508,0
,mnasnet_293,49.638,0
,mnasnet_1847,30.872,0
,mnasnet_462,35.894,0
,mnasnet_722,42.364,0
,mnasnet_1890,44.956,0
,mnasnet_1694,34.116,0
,mnasnet_1286,45.861,0
,mnasnet_790,34.122,0
,mnasnet_463,31.965,0
,mnasnet_1529,32.807,0
,mnasnet_1689,28.784,0
,mnasnet_1026,30.461,0
,mnasnet_1875,35.051,0
,mnasnet_574,31.606,0
,mnasnet_704,42.825,0
,mnasnet_675,28.901,0
,mnasnet_592,37.045,0
,mnasnet_1137,39.997,0
,mnasnet_560,37.603,0
,mnasnet_728,26.119,0
,mnasnet_125,32.648,0
,mnasnet_305,30.872,0
,mnasnet_905,52.471,0
,mnasnet_55,30.832,0
,mnasnet_178,35.545,0
,mnasnet_1187,45.215,0
,mnasnet_1854,49.187,0
,mnasnet_255,38.296,0
,mnasnet_1064,46.802,0
,mnasnet_1487,34.817,0
,mnasnet_528,43.413,0
,mnasnet_1525,44.538,0
,mnasnet_1912,42.828,0
,mnasnet_834,36.795,0
,mnasnet_1532,43.160,0
,mnasnet_1596,53.804,0
,mnasnet_1587,44.175,0
,mnasnet_21,30.560,0
,mnasnet_1148,33.861,0
,mnasnet_1410,46.055,0
,mnasnet_587,39.139,0
,mnasnet_199,30.246,0
,mnasnet_357,44.233,0
,mnasnet_1914,31.585,0
,mnasnet_90,47.116,0
,mnasnet_1643,39.914,0
,mnasnet_1175,39.076,0
,mnasnet_629,33.827,0
,mnasnet_739,40.995,0
,mnasnet_445,38.987,0
,mnasnet_582,43.473,0
,mnasnet_1502,26.272,0
,mnasnet_1837,31.009,0
,mnasnet_567,36.715,0
,mnasnet_1702,41.339,0
,mnasnet_521,34.887,0
,mnasnet_191,54.283,0
,mnasnet_1779,33.597,0
,mnasnet_1976,33.883,0
,mnasnet_1896,41.806,0
,mnasnet_1848,42.123,0
,mnasnet_342,36.666,0
,mnasnet_907,33.895,0
,mnasnet_1508,31.531,0
,mnasnet_372,46.922,0
,mnasnet_1576,38.227,0
,mnasnet_637,33.788,0
,mnasnet_1786,38.728,0
,mnasnet_866,52.786,0
,mnasnet_1057,28.115,0
,mnasnet_711,37.431,0
,mnasnet_591,49.285,0
,mnasnet_578,37.717,0
,mnasnet_1820,34.457,0
,mnasnet_1632,35.015,0
,mnasnet_964,41.866,0
,mnasnet_137,25.726,0
,mnasnet_915,41.122,0
,mnasnet_441,45.534,0
,mnasnet_254,27.680,0
,mnasnet_1798,39.738,0
,mnasnet_832,40.010,0
,mnasnet_398,33.439,0
,mnasnet_518,34.748,0
,mnasnet_1049,34.106,0
,mnasnet_270,37.990,0
,mnasnet_29,34.832,0
,mnasnet_1431,35.249,0
,mnasnet_1846,55.786,0
,mnasnet_1611,45.737,0
,mnasnet_1491,42.970,0
,mnasnet_561,45.417,0
,mnasnet_1704,50.711,0
,mnasnet_1994,32.304,0
,mnasnet_1842,37.635,0
,mnasnet_563,37.569,0
,mnasnet_106,30.782,0
,mnasnet_213,39.974,0
,mnasnet_940,40.663,0
,mnasnet_93,32.857,0
,mnasnet_104,38.620,0
,mnasnet_1657,45.321,0
,mnasnet_387,33.974,0
,mnasnet_760,35.990,0
,mnasnet_389,29.501,0
,mnasnet_867,33.466,0
,mnasnet_699,43.720,0
,mnasnet_1664,37.080,0
,mnasnet_942,44.208,0
,mnasnet_505,38.343,0
,mnasnet_1160,43.755,0
,mnasnet_1452,34.927,0
,mnasnet_1709,38.376,0
,mnasnet_1895,28.181,0
,mnasnet_1697,32.641,0
,mnasnet_1767,36.652,0
,mnasnet_1224,39.792,0
,mnasnet_1222,32.238,0
,mnasnet_1209,38.282,0
,mnasnet_1485,39.035,0
,mnasnet_1746,27.360,0
,mnasnet_1169,47.537,0
,mnasnet_984,38.951,0
,mnasnet_259,35.772,0
,mnasnet_1285,40.244,0
,mnasnet_1307,41.544,0
,mnasnet_772,38.654,0
,mnasnet_889,28.643,0
,mnasnet_1186,42.020,0
,mnasnet_132,41.70899999999999,0
,mnasnet_1018,35.055,0
,mnasnet_74,38.803,0
,mnasnet_1934,31.152999999999984,0
,mnasnet_1564,29.041999999999987,0
,mnasnet_672,34.028,0
,mnasnet_1969,44.50800000000001,0
,mnasnet_66,43.85499999999998,0
,mnasnet_154,29.284999999999993,0
,mnasnet_385,38.73900000000001,0
,mnasnet_122,33.65899999999999,0
,mnasnet_879,34.255,0
,mnasnet_287,39.267,0
,mnasnet_836,34.08000000000003,0
,mnasnet_710,36.541,0
,mnasnet_1966,52.46599999999998,0
,mnasnet_521,34.98999999999999,0
,mnasnet_495,32.87699999999998,0
,mnasnet_91,51.339999999999996,0
,mnasnet_829,43.76200000000003,0
,mnasnet_1559,39.47400000000001,0
,mnasnet_905,52.007000000000026,0
,mnasnet_1725,40.654000000000025,0
,mnasnet_384,38.643,0
,mnasnet_453,54.195000000000014,0
,mnasnet_56,37.08999999999999,0
,mnasnet_612,46.382999999999974,0
,mnasnet_616,39.19000000000001,0
,mnasnet_1587,44.418,0
,mnasnet_8,36.66599999999999,0
,mnasnet_515,52.91200000000003,0
,mnasnet_1953,26.902999999999995,0
,mnasnet_191,54.571999999999996,0
,mnasnet_635,34.319,0
,mnasnet_825,32.248,0
,mnasnet_1821,37.48300000000001,0
,mnasnet_864,31.77199999999999,0
,mnasnet_1670,30.930999999999997,0
,mnasnet_594,37.98600000000001,0
,mnasnet_689,35.838,0
,mnasnet_1603,43.664,0
,mnasnet_186,29.669000000000015,0
,mnasnet_306,35.91399999999999,0
,mnasnet_675,28.943999999999996,0
,mnasnet_1990,24.912999999999997,0
,mnasnet_288,43.44199999999999,0
,mnasnet_1602,40.45099999999999,0
,mnasnet_1638,50.505,0
,mnasnet_1903,42.70399999999998,0
,mnasnet_620,26.086000000000006,0
,mnasnet_1810,45.45399999999998,0
,mnasnet_1652,38.878999999999984,0
,mnasnet_704,42.845,0
,mnasnet_404,46.05999999999999,0
,mnasnet_644,32.78499999999999,0
,mnasnet_1359,41.597,0
,mnasnet_1403,47.319999999999986,0
,mnasnet_738,39.652,0
,mnasnet_93,32.80299999999999,0
,mnasnet_71,35.73000000000001,0
,mnasnet_806,30.67399999999998,0
,mnasnet_562,36.621,0
,mnasnet_1369,30.227999999999987,0
,mnasnet_413,32.434999999999995,0
,mnasnet_1968,35.365999999999985,0
,mnasnet_679,49.653,0
,mnasnet_263,30.98100000000001,0
,mnasnet_305,30.829000000000004,0
,mnasnet_1808,30.664999999999996,0
,mnasnet_960,35.67,0
,mnasnet_303,44.16499999999998,0
,mnasnet_1891,28.307999999999996,0
,mnasnet_339,40.52200000000002,0
,mnasnet_576,46.555,0
,mnasnet_1678,32.46399999999999,0
,mnasnet_553,33.12399999999999,0
,mnasnet_1600,43.667999999999985,0
,mnasnet_1893,31.900999999999996,0
,mnasnet_1607,46.97400000000003,0
,mnasnet_380,27.20700000000001,0
,mnasnet_1264,31.030999999999988,0
,mnasnet_580,34.466000000000015,0
,mnasnet_474,36.327,0
,mnasnet_1253,40.94800000000003,0
,mnasnet_1068,28.233999999999988,0
,mnasnet_1588,43.196000000000005,0
,mnasnet_878,33.741,0
,mnasnet_471,49.93099999999999,0
,mnasnet_923,41.507000000000005,0
,mnasnet_1939,46.763000000000005,0
,mnasnet_429,42.413000000000004,0
,mnasnet_1913,31.85599999999999,0
,mnasnet_1322,38.08399999999999,0
,mnasnet_1117,39.33299999999998,0
,mnasnet_611,28.67399999999999,0
,mnasnet_1525,45.006999999999984,0
,mnasnet_1391,42.105,0
,mnasnet_761,53.34600000000003,0
,mnasnet_1927,25.533999999999995,0
,mnasnet_319,50.363999999999976,0
,mnasnet_898,32.91,0
,mnasnet_231,28.694999999999983,0
,mnasnet_1513,48.937000000000026,0
,mnasnet_1971,36.57700000000002,0
,mnasnet_1029,38.96399999999999,0
,mnasnet_698,40.461000000000006,0
,mnasnet_974,43.936,0
,mnasnet_1169,47.89099999999999,0
,mnasnet_753,48.56900000000001,0
,mnasnet_1103,32.622000000000014,0
,mnasnet_1139,31.957999999999988,0
,mnasnet_663,43.381,0
,mnasnet_1616,58.66299999999999,0
,mnasnet_853,47.22800000000001,0
,mnasnet_1632,35.034,0
,mnasnet_1658,42.30700000000001,0
,mnasnet_1351,30.360999999999976,0
,mnasnet_1800,37.27900000000001,0
,mnasnet_1090,37.15099999999998,0
,mnasnet_892,34.388999999999996,0
,mnasnet_1115,36.885000000000005,0
,mnasnet_235,37.02299999999999,0
,mnasnet_560,37.33099999999999,0
,mnasnet_480,37.09499999999999,0
,mnasnet_1460,46.42000000000002,0
,mnasnet_1287,44.832000000000015,0
,mnasnet_683,36.558000000000014,0
,mnasnet_1228,31.416999999999987,0
,mnasnet_327,46.20300000000002,0
,mnasnet_582,43.32999999999999,0
,mnasnet_1894,44.55200000000004,0
,mnasnet_727,32.47199999999999,0
,mnasnet_1539,46.27100000000002,0
,mnasnet_1189,32.008999999999986,0
,mnasnet_1372,45.26299999999998,0
,mnasnet_1145,60.86,0
,mnasnet_252,43.446999999999996,0
,mnasnet_971,39.773000000000025,0
,mnasnet_1390,60.74799999999999,0
,mnasnet_354,33.080999999999996,0
,mnasnet_1764,54.093000000000025,0
,mnasnet_89,34.568000000000005,0
,mnasnet_1965,40.52000000000002,0
,mnasnet_888,33.602,0
,mnasnet_1417,51.737999999999985,0
,mnasnet_386,32.88499999999998,0
,mnasnet_506,51.11900000000001,0
,mnasnet_744,28.422,0
,mnasnet_964,42.22399999999998,0
,mnasnet_1482,42.208000000000006,0
,mnasnet_229,42.281000000000006,0
,mnasnet_485,38.431000000000026,0
,mnasnet_729,29.753999999999994,0
,mnasnet_1270,31.20699999999999,0
,mnasnet_1059,32.918,0
,mnasnet_1040,55.278000000000006,0
,mnasnet_1400,27.90100000000001,0
,mnasnet_1745,39.41399999999997,0
,mnasnet_124,51.52900000000001,0
,mnasnet_1898,44.723,0
,mnasnet_526,45.25200000000001,0
,mnasnet_353,44.306999999999974,0
,mnasnet_236,25.243999999999996,0
,mnasnet_405,49.43999999999999,0
,mnasnet_246,32.28200000000001,0
,mnasnet_448,41.711999999999996,0
,mnasnet_150,36.116,0
,mnasnet_1089,32.67199999999999,0
,mnasnet_798,41.464,0
,mnasnet_1651,42.180000000000014,0
,mnasnet_1195,40.393,0
,mnasnet_1755,34.980999999999995,0
,mnasnet_504,39.74200000000001,0
,mnasnet_556,29.652999999999988,0
,mnasnet_1362,20.58999999999999,0
,mnasnet_1328,38.43699999999999,0
,mnasnet_1682,40.715,0
,mnasnet_589,36.527,0
,mnasnet_1212,53.458,0
,mnasnet_1108,45.69299999999997,0
,mnasnet_183,39.531000000000006,0
,mnasnet_1038,36.583999999999996,0
,mnasnet_909,44.969999999999985,0
,mnasnet_1277,41.10499999999999,0
,mnasnet_903,33.90800000000002,0
,mnasnet_539,29.19100000000001,0
,mnasnet_1497,37.894999999999996,0
,mnasnet_924,35.09800000000001,0
,mnasnet_102,35.71099999999999,0
,mnasnet_1031,43.60300000000001,0
,mnasnet_1836,51.72499999999998,0
,mnasnet_1647,53.91199999999999,0
,mnasnet_1210,33.348,0
,mnasnet_1619,41.730999999999995,0
,mnasnet_1008,34.702999999999996,0
,mnasnet_1917,29.912999999999993,0
,mnasnet_1932,39.263999999999996,0
,mnasnet_1455,35.78799999999999,0
,mnasnet_1049,34.079000000000015,0
,mnasnet_37,51.85600000000001,0
,mnasnet_613,37.13099999999999,0
,mnasnet_1405,41.759000000000015,0
,mnasnet_1830,26.357999999999993,0
,mnasnet_876,49.135000000000005,0
,mnasnet_1855,31.54899999999998,0
,mnasnet_1983,31.390000000000004,0
,mnasnet_559,37.78800000000001,0
,mnasnet_981,36.345000000000006,0
,mnasnet_863,36.894000000000034,0
,mnasnet_841,33.489000000000004,0
,mnasnet_857,27.212999999999994,0
,mnasnet_810,48.217999999999996,0
,mnasnet_488,44.97299999999999,0
,mnasnet_1340,34.64199999999998,0
,mnasnet_927,37.15899999999999,0
,mnasnet_65,47.59,0
,mnasnet_487,38.235000000000014,0
,mnasnet_1850,45.09699999999997,0
,mnasnet_1144,35.754000000000005,0
,mnasnet_447,44.983999999999995,0
,mnasnet_912,40.89499999999998,0
,mnasnet_409,33.865,0
,mnasnet_346,49.205000000000005,0
,mnasnet_36,38.433,0
,mnasnet_1606,33.829,0
,mnasnet_1732,21.703999999999986,0
,mnasnet_1639,23.811,0
,mnasnet_1657,45.67500000000002,0
,mnasnet_1887,24.952999999999996,0
,mnasnet_1605,48.339999999999996,0
,mnasnet_866,52.547000000000025,0
,mnasnet_1302,30.485,0
,mnasnet_1630,37.25799999999998,0
,mnasnet_412,42.165000000000006,0
,mnasnet_343,36.536,0
,mnasnet_359,34.946999999999996,0
,mnasnet_1083,27.402999999999984,0
,mnasnet_478,30.868999999999993,0
,mnasnet_1019,38.399,0
,mnasnet_123,27.887,0
,mnasnet_696,32.882999999999974,0
,mnasnet_1629,38.449999999999996,0
,mnasnet_23,41.300000000000004,0
,mnasnet_1954,34.396999999999984,0
,mnasnet_1323,31.820999999999994,0
,mnasnet_1016,42.995000000000005,0
,mnasnet_1231,36.44399999999999,0
,mnasnet_529,41.26699999999999,0
,mnasnet_1688,46.29700000000002,0
,mnasnet_19,43.08800000000001,0
,mnasnet_1837,30.970999999999982,0
,mnasnet_525,46.19100000000001,0
,mnasnet_396,44.07200000000001,0
,mnasnet_1663,47.518,0
,mnasnet_112,27.91999999999998,0
,mnasnet_460,28.372999999999998,0
,mnasnet_403,23.208000000000002,0
,mnasnet_314,37.480999999999995,0
,mnasnet_1116,38.959,0
