,mobilenetv2_178,20.701,0
,mobilenetv2_1403,28.929,0
,mobilenetv2_26,19.951,0
,mobilenetv2_1892,18.297,0
,mobilenetv2_1185,30.390,0
,mobilenetv2_369,31.828,0
,mobilenetv2_485,17.870,0
,mobilenetv2_1759,29.771,0
,mobilenetv2_1912,35.910,0
,mobilenetv2_356,20.199,0
,mobilenetv2_271,26.826,0
,mobilenetv2_1303,29.737,0
,mobilenetv2_743,30.211,0
,mobilenetv2_294,34.139,0
,mobilenetv2_451,25.649,0
,mobilenetv2_1305,25.017,0
,mobilenetv2_276,21.624,0
,mobilenetv2_1922,22.145,0
,mobilenetv2_910,35.198,0
,mobilenetv2_125,22.990,0
,mobilenetv2_785,26.593,0
,mobilenetv2_97,23.132,0
,mobilenetv2_118,29.366,0
,mobilenetv2_329,30.728,0
,mobilenetv2_1658,19.333,0
,mobilenetv2_543,15.124,0
,mobilenetv2_1322,44.864,0
,mobilenetv2_652,23.921,0
,mobilenetv2_1712,27.226,0
,mobilenetv2_1845,28.764,0
,mobilenetv2_83,22.327,0
,mobilenetv2_1066,40.992,0
,mobilenetv2_1830,29.253,0
,mobilenetv2_28,24.180,0
,mobilenetv2_1822,21.390,0
,mobilenetv2_1796,33.607,0
,mobilenetv2_201,39.167,0
,mobilenetv2_1597,25.179,0
,mobilenetv2_1972,76.390,0
,mobilenetv2_224,33.184,0
,mobilenetv2_1926,25.866,0
,mobilenetv2_1519,34.983,0
,mobilenetv2_824,15.116,0
,mobilenetv2_1724,29.609,0
,mobilenetv2_46,27.099,0
,mobilenetv2_664,31.935,0
,mobilenetv2_378,25.966,0
,mobilenetv2_1173,23.834,0
,mobilenetv2_203,20.686,0
,mobilenetv2_1975,18.350,0
,mobilenetv2_1985,18.468,0
,mobilenetv2_830,25.713,0
,mobilenetv2_1960,18.761,0
,mobilenetv2_211,21.554,0
,mobilenetv2_1753,19.057,0
,mobilenetv2_1247,30.980,0
,mobilenetv2_566,76.063,0
,mobilenetv2_1207,34.763,0
,mobilenetv2_725,74.894,0
,mobilenetv2_1628,40.625,0
,mobilenetv2_724,14.295,0
,mobilenetv2_1915,28.801,0
,mobilenetv2_1000,36.067,0
,mobilenetv2_1682,24.611,0
,mobilenetv2_1151,30.301,0
,mobilenetv2_1163,17.480,0
,mobilenetv2_395,18.936,0
,mobilenetv2_1021,47.847,0
,mobilenetv2_1202,29.026,0
,mobilenetv2_763,19.934,0
,mobilenetv2_578,51.309,0
,mobilenetv2_929,39.198,0
,mobilenetv2_1581,32.580,0
,mobilenetv2_449,20.545,0
,mobilenetv2_251,36.754,0
,mobilenetv2_702,36.595,0
,mobilenetv2_1332,33.869,0
,mobilenetv2_711,19.314,0
,mobilenetv2_440,26.625,0
,mobilenetv2_84,27.048,0
,mobilenetv2_1144,60.138,0
,mobilenetv2_20,19.862,0
,mobilenetv2_1957,37.086,0
,mobilenetv2_466,15.996,0
,mobilenetv2_1206,42.410,0
,mobilenetv2_878,18.238,0
,mobilenetv2_374,26.054,0
,mobilenetv2_809,22.246,0
,mobilenetv2_366,33.611,0
,mobilenetv2_1073,18.213,0
,mobilenetv2_1419,85.197,0
,mobilenetv2_1083,51.119,0
,mobilenetv2_1710,34.769,0
,mobilenetv2_1664,31.049,0
,mobilenetv2_1585,33.275,0
,mobilenetv2_1785,31.154,0
,mobilenetv2_1825,32.450,0
,mobilenetv2_1530,20.993,0
,mobilenetv2_64,18.574,0
,mobilenetv2_108,22.591,0
,mobilenetv2_1826,26.591,0
,mobilenetv2_217,17.046,0
,mobilenetv2_399,17.963,0
,mobilenetv2_1941,19.832,0
,mobilenetv2_242,41.011,0
,mobilenetv2_1968,22.718,0
,mobilenetv2_134,66.138,0
,mobilenetv2_1786,19.320,0
,mobilenetv2_237,29.150,0
,mobilenetv2_1639,42.467,0
,mobilenetv2_651,31.823,0
,mobilenetv2_1945,28.635,0
,mobilenetv2_1984,72.965,0
,mobilenetv2_488,39.463,0
,mobilenetv2_1767,21.160,0
,mobilenetv2_1456,41.332,0
,mobilenetv2_1560,32.067,0
,mobilenetv2_944,40.286,0
,mobilenetv2_817,44.470,0
,mobilenetv2_1433,33.744,0
,mobilenetv2_1875,24.090,0
,mobilenetv2_525,21.160,0
,mobilenetv2_210,64.857,0
,mobilenetv2_503,24.852,0
,mobilenetv2_1630,25.600,0
,mobilenetv2_428,35.248,0
,mobilenetv2_1154,21.712,0
,mobilenetv2_1283,33.717,0
,mobilenetv2_883,35.603,0
,mobilenetv2_1271,24.511,0
,mobilenetv2_1592,29.632,0
,mobilenetv2_76,44.824,0
,mobilenetv2_247,15.381,0
,mobilenetv2_598,16.234,0
,mobilenetv2_1423,28.110,0
,mobilenetv2_275,34.134,0
,mobilenetv2_850,44.761,0
,mobilenetv2_1481,23.487,0
,mobilenetv2_1563,17.760,0
,mobilenetv2_414,15.742,0
,mobilenetv2_1013,21.343,0
,mobilenetv2_1998,20.065,0
,mobilenetv2_938,25.555,0
,mobilenetv2_291,33.338,0
,mobilenetv2_1102,25.631,0
,mobilenetv2_104,29.298,0
,mobilenetv2_327,30.359,0
,mobilenetv2_840,15.289,0
,mobilenetv2_649,20.738,0
,mobilenetv2_714,16.764,0
,mobilenetv2_330,24.962,0
,mobilenetv2_181,28.272,0
,mobilenetv2_135,52.911,0
,mobilenetv2_355,25.757,0
,mobilenetv2_373,27.741,0
,mobilenetv2_748,19.557,0
,mobilenetv2_1087,54.141,0
,mobilenetv2_1312,37.162,0
,mobilenetv2_759,15.159,0
,mobilenetv2_968,26.706,0
,mobilenetv2_1137,39.772,0
,mobilenetv2_782,23.956,0
,mobilenetv2_286,17.577,0
,mobilenetv2_1649,36.586,0
,mobilenetv2_723,23.992,0
,mobilenetv2_1320,29.274,0
,mobilenetv2_1770,20.443,0
,mobilenetv2_618,19.301,0
,mobilenetv2_1362,34.671,0
,mobilenetv2_584,16.867,0
,mobilenetv2_1610,13.336,0
,mobilenetv2_680,37.744,0
,mobilenetv2_1661,18.918,0
,mobilenetv2_1068,46.354,0
,mobilenetv2_1297,67.004,0
,mobilenetv2_1078,33.677,0
,mobilenetv2_1843,32.672,0
,mobilenetv2_572,25.424,0
,mobilenetv2_648,14.469,0
,mobilenetv2_187,18.839,0
,mobilenetv2_1996,19.850,0
,mobilenetv2_1092,35.541,0
,mobilenetv2_760,20.035,0
,mobilenetv2_1028,31.530,0
,mobilenetv2_450,23.706,0
,mobilenetv2_304,20.938,0
,mobilenetv2_541,26.068,0
,mobilenetv2_1846,33.593,0
,mobilenetv2_1622,20.859,0
,mobilenetv2_69,20.722,0
,mobilenetv2_1402,13.044,0
,mobilenetv2_416,23.715,0
,mobilenetv2_1090,44.674,0
,mobilenetv2_57,25.924,0
,mobilenetv2_1429,31.808,0
,mobilenetv2_807,35.394,0
,mobilenetv2_927,35.405,0
,mobilenetv2_1487,24.067,0
,mobilenetv2_1777,13.038,0
,mobilenetv2_721,32.691,0
,mobilenetv2_490,25.671,0
,mobilenetv2_302,25.749,0
,mobilenetv2_24,21.039,0
,mobilenetv2_818,19.101,0
,mobilenetv2_1444,37.594,0
,mobilenetv2_1862,39.456,0
,mobilenetv2_688,23.857,0
,mobilenetv2_870,24.034,0
,mobilenetv2_1122,20.196,0
,mobilenetv2_1447,25.548,0
,mobilenetv2_1727,23.182,0
,mobilenetv2_1414,22.241,0
,mobilenetv2_1455,38.165,0
,mobilenetv2_1075,38.597,0
,mobilenetv2_169,44.284,0
,mobilenetv2_1169,18.036,0
,mobilenetv2_1932,38.730,0
,mobilenetv2_1412,23.130,0
,mobilenetv2_871,76.148,0
,mobilenetv2_1094,23.028,0
,mobilenetv2_30,27.682,0
,mobilenetv2_917,16.761,0
,mobilenetv2_1617,31.156,0
,mobilenetv2_1954,23.429,0
,mobilenetv2_317,15.045,0
,mobilenetv2_1187,19.065,0
,mobilenetv2_849,46.642,0
,mobilenetv2_923,19.266,0
,mobilenetv2_1571,16.194,0
,mobilenetv2_1987,33.022,0
,mobilenetv2_98,43.899,0
,mobilenetv2_1882,38.663,0
,mobilenetv2_517,29.662,0
,mobilenetv2_1240,27.451,0
,mobilenetv2_67,35.776,0
,mobilenetv2_471,26.712,0
,mobilenetv2_151,21.525,0
,mobilenetv2_1906,21.605,0
,mobilenetv2_768,23.640,0
,mobilenetv2_1953,17.044,0
,mobilenetv2_1629,18.524,0
,mobilenetv2_27,18.903,0
,mobilenetv2_1168,24.501,0
,mobilenetv2_429,22.076,0
,mobilenetv2_236,24.909,0
,mobilenetv2_1977,40.621,0
,mobilenetv2_826,81.036,0
,mobilenetv2_1200,20.288,0
,mobilenetv2_1214,28.925,0
,mobilenetv2_407,41.319,0
,mobilenetv2_383,46.935,0
,mobilenetv2_949,30.239,0
,mobilenetv2_1072,51.797,0
,mobilenetv2_801,23.550,0
,mobilenetv2_367,73.754,0
,mobilenetv2_1522,32.467,0
,mobilenetv2_631,37.800,0
,mobilenetv2_1872,28.177,0
,mobilenetv2_1737,53.136,0
,mobilenetv2_1745,16.756,0
,mobilenetv2_1702,22.994,0
,mobilenetv2_951,18.641,0
,mobilenetv2_49,57.114,0
,mobilenetv2_321,45.309,0
,mobilenetv2_396,37.635,0
,mobilenetv2_924,34.750,0
,mobilenetv2_1547,38.762,0
,mobilenetv2_845,28.295,0
,mobilenetv2_25,24.691,0
,mobilenetv2_687,33.111,0
,mobilenetv2_1279,22.618,0
,mobilenetv2_772,23.154,0
,mobilenetv2_1023,53.758,0
,mobilenetv2_12,23.731,0
,mobilenetv2_340,23.636,0
,mobilenetv2_61,34.243,0
,mobilenetv2_897,29.944,0
,mobilenetv2_1645,39.442,0
,mobilenetv2_436,24.024,0
,mobilenetv2_660,33.670,0
,mobilenetv2_1043,20.985,0
,mobilenetv2_1850,56.417,0
,mobilenetv2_1155,14.176,0
,mobilenetv2_1718,25.260,0
,mobilenetv2_55,16.817,0
,mobilenetv2_432,19.451,0
,mobilenetv2_667,22.110,0
,mobilenetv2_1434,26.877,0
,mobilenetv2_1295,35.451,0
,mobilenetv2_312,17.120,0
,mobilenetv2_1650,19.806,0
,mobilenetv2_1366,23.828,0
,mobilenetv2_244,28.353,0
,mobilenetv2_1891,28.152,0
,mobilenetv2_889,27.933,0
,mobilenetv2_206,34.544,0
,mobilenetv2_1980,22.172,0
,mobilenetv2_585,27.835,0
,mobilenetv2_696,34.748,0
,mobilenetv2_799,20.014,0
,mobilenetv2_914,25.393,0
,mobilenetv2_1615,24.850,0
,mobilenetv2_1779,27.839,0
,mobilenetv2_230,33.711,0
,mobilenetv2_1647,26.582,0
,mobilenetv2_257,25.037,0
,mobilenetv2_930,38.213,0
,mobilenetv2_860,33.065,0
,mobilenetv2_423,31.560,0
,mobilenetv2_1286,20.951,0
,mobilenetv2_1323,31.466,0
,mobilenetv2_1909,27.002,0
,mobilenetv2_815,17.323,0
,mobilenetv2_722,23.897,0
,mobilenetv2_359,38.305,0
,mobilenetv2_1062,52.707,0
,mobilenetv2_1807,52.696,0
,mobilenetv2_1696,37.387,0
,mobilenetv2_804,36.721,0
,mobilenetv2_895,23.332,0
,mobilenetv2_1251,24.931,0
,mobilenetv2_608,22.232,0
,mobilenetv2_1020,34.149,0
,mobilenetv2_534,24.520,0
,mobilenetv2_1681,46.180,0
,mobilenetv2_1709,25.807,0
,mobilenetv2_255,40.046,0
,mobilenetv2_959,15.981,0
,mobilenetv2_142,53.029,0
,mobilenetv2_1874,30.330,0
,mobilenetv2_798,40.315,0
,mobilenetv2_980,24.298,0
,mobilenetv2_1375,33.012,0
,mobilenetv2_103,26.848,0
,mobilenetv2_358,22.438,0
,mobilenetv2_518,26.806,0
,mobilenetv2_1667,33.603,0
,mobilenetv2_1111,17.148,0
,mobilenetv2_1039,33.393,0
,mobilenetv2_1618,24.121,0
,mobilenetv2_932,21.012,0
,mobilenetv2_1890,24.563,0
,mobilenetv2_991,52.117,0
,mobilenetv2_132,42.483,0
,mobilenetv2_1014,45.848,0
,mobilenetv2_1047,31.012,0
,mobilenetv2_1356,21.903,0
,mobilenetv2_437,17.729,0
,mobilenetv2_540,29.330,0
,mobilenetv2_1308,17.920,0
,mobilenetv2_1174,50.656,0
,mobilenetv2_368,21.068,0
,mobilenetv2_1567,26.623,0
,mobilenetv2_1916,23.920,0
,mobilenetv2_213,30.265,0
,mobilenetv2_408,21.680,0
,mobilenetv2_1136,25.207,0
,mobilenetv2_1538,21.702,0
,mobilenetv2_476,17.934,0
,mobilenetv2_1225,38.517,0
,mobilenetv2_442,20.655,0
,mobilenetv2_1503,36.663,0
,mobilenetv2_1706,21.605,0
,mobilenetv2_1334,32.563,0
,mobilenetv2_1146,21.718,0
,mobilenetv2_607,22.979,0
,mobilenetv2_1820,26.961,0
,mobilenetv2_5,35.494,0
,mobilenetv2_1046,48.522,0
,mobilenetv2_1285,32.529,0
,mobilenetv2_992,33.239,0
,mobilenetv2_177,45.084,0
,mobilenetv2_1833,17.442,0
,mobilenetv2_1027,32.170,0
,mobilenetv2_776,19.921,0
,mobilenetv2_1347,19.799,0
,mobilenetv2_1859,19.853,0
,mobilenetv2_510,69.671,0
,mobilenetv2_622,29.050,0
,mobilenetv2_1853,38.798,0
,mobilenetv2_328,36.581,0
,mobilenetv2_245,34.576,0
,mobilenetv2_376,55.542,0
,mobilenetv2_1748,15.087,0
,mobilenetv2_1840,62.742,0
,mobilenetv2_778,26.346,0
,mobilenetv2_979,25.904,0
,mobilenetv2_78,33.916,0
,mobilenetv2_1814,22.786,0
,mobilenetv2_1410,32.052,0
,mobilenetv2_1687,48.395,0
,mobilenetv2_1899,25.892,0
,mobilenetv2_831,33.571,0
,mobilenetv2_1401,27.694,0
,mobilenetv2_758,28.230,0
,mobilenetv2_1721,20.713,0
,mobilenetv2_1212,23.615,0
,mobilenetv2_712,46.673,0
,mobilenetv2_81,38.826,0
,mobilenetv2_1824,15.293,0
,mobilenetv2_1326,20.127,0
,mobilenetv2_1832,25.696,0
,mobilenetv2_175,33.943,0
,mobilenetv2_1533,61.658,0
,mobilenetv2_1905,66.329,0
,mobilenetv2_1913,23.559,0
,mobilenetv2_1478,20.144,0
,mobilenetv2_1232,41.497,0
,mobilenetv2_639,34.048,0
,mobilenetv2_4,19.987,0
,mobilenetv2_339,36.748,0
,mobilenetv2_955,20.166,0
,mobilenetv2_1780,31.654,0
,mobilenetv2_526,28.905,0
,mobilenetv2_205,52.086,0
,mobilenetv2_379,25.703,0
,mobilenetv2_1776,40.974,0
,mobilenetv2_1735,28.144,0
,mobilenetv2_1255,37.701,0
,mobilenetv2_1982,24.282,0
,mobilenetv2_1469,20.703,0
,mobilenetv2_1104,21.760,0
,mobilenetv2_130,30.442,0
,mobilenetv2_425,51.183,0
,mobilenetv2_1049,46.535,0
,mobilenetv2_794,24.348,0
,mobilenetv2_334,15.136,0
,mobilenetv2_1839,21.269,0
,mobilenetv2_1129,44.952,0
,mobilenetv2_231,36.953,0
,mobilenetv2_1818,27.556,0
,mobilenetv2_1509,40.872,0
,mobilenetv2_1182,37.754,0
,mobilenetv2_1389,27.279,0
,mobilenetv2_1578,31.499,0
,mobilenetv2_1484,30.111,0
,mobilenetv2_874,43.195,0
,mobilenetv2_281,42.234,0
,mobilenetv2_75,19.096,0
,mobilenetv2_1226,19.148,0
,mobilenetv2_1716,48.009,0
,mobilenetv2_96,49.333,0
,mobilenetv2_961,17.747,0
,mobilenetv2_1254,12.741,0
,mobilenetv2_1495,23.213,0
,mobilenetv2_263,30.393,0
,mobilenetv2_58,36.307,0
,mobilenetv2_1569,52.350,0
,mobilenetv2_1396,29.850,0
,mobilenetv2_1449,22.467,0
,mobilenetv2_1861,39.671,0
,mobilenetv2_606,13.201,0
,mobilenetv2_180,24.130,0
,mobilenetv2_550,19.880,0
,mobilenetv2_1031,19.418,0
,mobilenetv2_679,23.166,0
,mobilenetv2_1577,25.334,0
,mobilenetv2_1554,56.566,0
,mobilenetv2_1883,58.936,0
,mobilenetv2_1483,62.989,0
,mobilenetv2_1879,12.704,0
,mobilenetv2_1697,28.789,0
,mobilenetv2_185,17.083,0
,mobilenetv2_80,39.727,0
,mobilenetv2_1453,26.923,0
,mobilenetv2_766,23.762,0
,mobilenetv2_736,24.256,0
,mobilenetv2_1799,27.219,0
,mobilenetv2_1733,32.811,0
,mobilenetv2_1774,50.116,0
,mobilenetv2_1267,24.101,0
,mobilenetv2_68,22.057,0
,mobilenetv2_1711,23.868,0
,mobilenetv2_409,20.951,0
,mobilenetv2_1764,26.345,0
,mobilenetv2_1193,28.815,0
,mobilenetv2_975,28.740,0
,mobilenetv2_47,28.335,0
,mobilenetv2_647,40.332,0
,mobilenetv2_1812,26.603,0
,mobilenetv2_238,21.024,0
,mobilenetv2_1189,29.996,0
,mobilenetv2_655,22.531,0
,mobilenetv2_502,14.865,0
,mobilenetv2_344,29.935,0
,mobilenetv2_79,29.699,0
,mobilenetv2_1125,29.475,0
,mobilenetv2_1386,25.385,0
,mobilenetv2_1920,48.794,0
,mobilenetv2_284,32.998,0
,mobilenetv2_886,45.054,0
,mobilenetv2_1471,24.042,0
,mobilenetv2_305,42.437,0
,mobilenetv2_1364,45.316,0
,mobilenetv2_1229,29.950,0
,mobilenetv2_1685,30.703,0
,mobilenetv2_1448,15.188,0
,mobilenetv2_1680,21.224,0
,mobilenetv2_634,26.126,0
,mobilenetv2_742,18.294,0
,mobilenetv2_1817,22.045,0
,mobilenetv2_1197,28.823,0
,mobilenetv2_1623,22.933,0
,mobilenetv2_681,28.862,0
,mobilenetv2_597,16.402,0
,mobilenetv2_1055,24.686,0
,mobilenetv2_235,37.789,0
,mobilenetv2_941,26.396,0
,mobilenetv2_867,50.237,0
,mobilenetv2_53,25.240,0
,mobilenetv2_882,25.683,0
,mobilenetv2_1084,19.686,0
,mobilenetv2_1752,26.687,0
,mobilenetv2_1445,54.672,0
,mobilenetv2_1775,23.501,0
,mobilenetv2_234,27.719,0
,mobilenetv2_1632,23.411,0
,mobilenetv2_1318,30.006,0
,mobilenetv2_1395,33.194,0
,mobilenetv2_1166,45.842,0
,mobilenetv2_862,22.915,0
,mobilenetv2_894,20.938,0
,mobilenetv2_1345,19.622,0
,mobilenetv2_1230,37.838,0
,mobilenetv2_703,58.029,0
,mobilenetv2_529,17.953,0
,mobilenetv2_1374,25.789,0
,mobilenetv2_1186,23.034,0
,mobilenetv2_9,43.236,0
,mobilenetv2_1705,27.584,0
,mobilenetv2_733,47.068,0
,mobilenetv2_1488,28.551,0
,mobilenetv2_285,17.891,0
,mobilenetv2_1641,45.025,0
,mobilenetv2_1528,33.863,0
,mobilenetv2_1940,17.762,0
,mobilenetv2_207,12.522,0
,mobilenetv2_1943,26.039,0
,mobilenetv2_1714,20.262,0
,mobilenetv2_837,27.253,0
,mobilenetv2_1637,19.982,0
,mobilenetv2_780,18.535,0
,mobilenetv2_401,24.279,0
,mobilenetv2_371,38.404,0
,mobilenetv2_372,22.172,0
,mobilenetv2_320,24.142,0
,mobilenetv2_1269,27.388,0
,mobilenetv2_1994,24.621,0
,mobilenetv2_1261,36.699,0
,mobilenetv2_415,62.756,0
,mobilenetv2_1215,18.816,0
,mobilenetv2_1041,40.032,0
,mobilenetv2_948,58.756,0
,mobilenetv2_204,25.845,0
,mobilenetv2_1274,51.047,0
,mobilenetv2_1988,24.047,0
,mobilenetv2_1140,19.158,0
,mobilenetv2_1064,15.639,0
,mobilenetv2_1686,41.361,0
,mobilenetv2_615,23.111,0
,mobilenetv2_434,39.225,0
,mobilenetv2_635,19.488,0
,mobilenetv2_33,44.053,0
,mobilenetv2_1924,27.241,0
,mobilenetv2_2,21.725,0
,mobilenetv2_1803,28.878,0
,mobilenetv2_1256,36.467,0
,mobilenetv2_143,31.577,0
,mobilenetv2_325,25.174,0
,mobilenetv2_1755,26.568,0
,mobilenetv2_520,28.376,0
,mobilenetv2_1008,35.243,0
,mobilenetv2_905,48.331,0
,mobilenetv2_1440,37.310,0
,mobilenetv2_974,21.942,0
,mobilenetv2_1613,23.195,0
,mobilenetv2_1931,40.901,0
,mobilenetv2_1107,21.952,0
,mobilenetv2_197,31.791,0
,mobilenetv2_138,18.962,0
,mobilenetv2_1466,22.559,0
,mobilenetv2_984,20.090,0
,mobilenetv2_658,24.836,0
,mobilenetv2_1910,23.844,0
,mobilenetv2_120,21.192,0
,mobilenetv2_1422,37.748,0
,mobilenetv2_388,35.727,0
,mobilenetv2_685,27.100,0
,mobilenetv2_1405,47.897,0
,mobilenetv2_898,20.843,0
,mobilenetv2_554,30.471,0
,mobilenetv2_124,26.591,0
,mobilenetv2_1338,25.387,0
,mobilenetv2_262,21.451,0
,mobilenetv2_1074,27.170,0
,mobilenetv2_616,40.340,0
,mobilenetv2_560,16.881,0
,mobilenetv2_319,27.883,0
,mobilenetv2_60,23.886,0
,mobilenetv2_808,18.357,0
,mobilenetv2_661,22.948,0
,mobilenetv2_528,39.704,0
,mobilenetv2_1397,25.570,0
,mobilenetv2_491,15.643,0
,mobilenetv2_1220,14.465,0
,mobilenetv2_443,27.084,0
,mobilenetv2_627,37.981,0
,mobilenetv2_1951,20.807,0
,mobilenetv2_343,26.558,0
,mobilenetv2_1947,30.800,0
,mobilenetv2_576,25.476,0
,mobilenetv2_683,18.483,0
,mobilenetv2_266,29.671,0
,mobilenetv2_489,21.488,0
,mobilenetv2_1,19.909,0
,mobilenetv2_770,27.109,0
,mobilenetv2_1544,29.164,0
,mobilenetv2_1462,34.931,0
,mobilenetv2_1235,23.932,0
,mobilenetv2_990,47.490,0
,mobilenetv2_1309,29.669,0
,mobilenetv2_248,18.174,0
,mobilenetv2_1847,17.561,0
,mobilenetv2_1258,26.017,0
,mobilenetv2_182,44.145,0
,mobilenetv2_919,24.096,0
,mobilenetv2_695,19.603,0
,mobilenetv2_418,69.860,0
,mobilenetv2_855,22.894,0
,mobilenetv2_1556,18.601,0
,mobilenetv2_963,28.211,0
,mobilenetv2_1156,17.626,0
,mobilenetv2_1272,53.640,0
,mobilenetv2_1211,25.823,0
,mobilenetv2_452,26.864,0
,mobilenetv2_299,25.678,0
,mobilenetv2_1489,56.828,0
,mobilenetv2_486,31.838,0
,mobilenetv2_810,19.920,0
,mobilenetv2_1734,34.688,0
,mobilenetv2_1602,40.522,0
,mobilenetv2_298,41.146,0
,mobilenetv2_1928,20.732,0
,mobilenetv2_884,19.541,0
,mobilenetv2_313,34.701,0
,mobilenetv2_666,25.496,0
,mobilenetv2_1319,26.460,0
,mobilenetv2_1369,32.660,0
,mobilenetv2_1512,22.873,0
,mobilenetv2_1570,30.398,0
,mobilenetv2_1917,36.604,0
,mobilenetv2_734,27.720,0
,mobilenetv2_1930,31.030,0
,mobilenetv2_1607,52.375,0
,mobilenetv2_422,32.534,0
,mobilenetv2_1900,17.827,0
,mobilenetv2_1743,22.173,0
,mobilenetv2_976,24.474,0
,mobilenetv2_866,20.415,0
,mobilenetv2_362,32.006,0
,mobilenetv2_1307,18.982,0
,mobilenetv2_1808,41.880,0
,mobilenetv2_1128,32.193,0
,mobilenetv2_1937,33.342,0
,mobilenetv2_1736,49.914,0
,mobilenetv2_617,25.112,0
,mobilenetv2_1838,24.493,0
,mobilenetv2_561,27.711,0
,mobilenetv2_662,19.638,0
,mobilenetv2_267,19.760,0
,mobilenetv2_1385,19.176,0
,mobilenetv2_309,36.890,0
,mobilenetv2_1004,51.348,0
,mobilenetv2_761,18.258,0
,mobilenetv2_403,64.085,0
,mobilenetv2_902,18.593,0
,mobilenetv2_1867,25.387,0
,mobilenetv2_292,25.417,0
,mobilenetv2_406,26.272,0
,mobilenetv2_1006,27.582,0
,mobilenetv2_1231,35.362,0
,mobilenetv2_1793,26.861,0
,mobilenetv2_602,28.222,0
,mobilenetv2_1655,35.387,0
,mobilenetv2_1359,26.534,0
,mobilenetv2_1794,15.331,0
,mobilenetv2_1290,23.529,0
,mobilenetv2_1093,29.730,0
,mobilenetv2_1357,13.419,0
,mobilenetv2_1715,23.281,0
,mobilenetv2_1691,52.741,0
,mobilenetv2_892,21.315,0
,mobilenetv2_280,41.982,0
,mobilenetv2_1034,30.307,0
,mobilenetv2_532,22.397,0
,mobilenetv2_412,17.621,0
,mobilenetv2_676,32.095,0
,mobilenetv2_937,73.632,0
,mobilenetv2_1765,24.663,0
,mobilenetv2_1085,32.967,0
,mobilenetv2_1700,21.927,0
,mobilenetv2_1806,20.618,0
,mobilenetv2_88,19.543,0
,mobilenetv2_876,25.729,0
,mobilenetv2_1343,26.971,0
,mobilenetv2_1145,26.076,0
,mobilenetv2_148,21.819,0
,mobilenetv2_1127,30.141,0
,mobilenetv2_1257,35.897,0
,mobilenetv2_170,22.167,0
,mobilenetv2_1384,19.815,0
,mobilenetv2_1398,16.049,0
,mobilenetv2_265,22.578,0
,mobilenetv2_1080,36.571,0
,mobilenetv2_306,49.700,0
,mobilenetv2_1341,34.571,0
,mobilenetv2_141,49.470,0
,mobilenetv2_1676,21.887,0
,mobilenetv2_191,36.149,0
,mobilenetv2_632,19.737,0
,mobilenetv2_183,25.666,0
,mobilenetv2_1053,31.278,0
,mobilenetv2_806,23.902,0
,mobilenetv2_720,14.326,0
,mobilenetv2_767,24.680,0
,mobilenetv2_538,28.198,0
,mobilenetv2_1669,42.950,0
,mobilenetv2_682,29.619,0
,mobilenetv2_156,20.543,0
,mobilenetv2_1248,33.649,0
,mobilenetv2_50,18.571,0
,mobilenetv2_1052,47.040,0
,mobilenetv2_1689,16.617,0
,mobilenetv2_574,60.638,0
,mobilenetv2_1452,33.557,0
,mobilenetv2_1865,16.906,0
,mobilenetv2_500,26.910,0
,mobilenetv2_323,39.630,0
,mobilenetv2_1821,33.648,0
,mobilenetv2_1421,50.534,0
,mobilenetv2_290,45.281,0
,mobilenetv2_893,33.478,0
,mobilenetv2_644,20.855,0
,mobilenetv2_750,21.396,0
,mobilenetv2_1914,20.898,0
,mobilenetv2_563,17.006,0
,mobilenetv2_900,39.003,0
,mobilenetv2_1201,14.298,0
,mobilenetv2_1811,34.058,0
,mobilenetv2_1288,31.131,0
,mobilenetv2_752,16.753,0
,mobilenetv2_1132,22.837,0
,mobilenetv2_781,40.734,0
,mobilenetv2_1625,20.817,0
,mobilenetv2_684,32.704,0
,mobilenetv2_1411,21.322,0
,mobilenetv2_879,44.291,0
,mobilenetv2_1115,17.913,0
,mobilenetv2_939,43.589,0
,mobilenetv2_1902,18.945,0
,mobilenetv2_1572,30.513,0
,mobilenetv2_1160,36.447,0
,mobilenetv2_1746,37.506,0
,mobilenetv2_1754,21.633,0
,mobilenetv2_1302,48.348,0
,mobilenetv2_701,28.640,0
,mobilenetv2_1506,29.224,0
,mobilenetv2_354,22.726,0
,mobilenetv2_1582,35.455,0
,mobilenetv2_117,25.806,0
,mobilenetv2_427,25.118,0
,mobilenetv2_779,22.371,0
,mobilenetv2_903,19.301,0
,mobilenetv2_633,33.153,0
,mobilenetv2_1749,25.523,0
,mobilenetv2_511,44.868,0
,mobilenetv2_851,25.107,0
,mobilenetv2_700,26.231,0
,mobilenetv2_219,29.809,0
,mobilenetv2_1370,20.301,0
,mobilenetv2_1722,17.700,0
,mobilenetv2_527,67.122,0
,mobilenetv2_1335,33.878,0
,mobilenetv2_1124,33.535,0
,mobilenetv2_1964,28.833,0
,mobilenetv2_208,17.353,0
,mobilenetv2_731,28.228,0
,mobilenetv2_179,30.521,0
,mobilenetv2_620,15.620,0
,mobilenetv2_1725,22.742,0
,mobilenetv2_468,72.334,0
,mobilenetv2_983,23.065,0
,mobilenetv2_1694,18.988,0
,mobilenetv2_624,40.418,0
,mobilenetv2_13,24.970,0
,mobilenetv2_1579,34.496,0
,mobilenetv2_1693,59.666,0
,mobilenetv2_102,23.304,0
,mobilenetv2_1336,22.706,0
,mobilenetv2_1121,25.927,0
,mobilenetv2_1783,29.053,0
,mobilenetv2_1061,20.460,0
,mobilenetv2_145,25.446,0
,mobilenetv2_1668,57.012,0
,mobilenetv2_92,25.052,0
,mobilenetv2_1170,15.652,0
,mobilenetv2_531,27.378,0
,mobilenetv2_1827,15.142,0
,mobilenetv2_1888,20.189,0
,mobilenetv2_1324,34.038,0
,mobilenetv2_1222,20.188,0
,mobilenetv2_1666,18.357,0
,mobilenetv2_690,36.960,0
,mobilenetv2_630,22.903,0
,mobilenetv2_1457,31.847,0
,mobilenetv2_1548,30.094,0
,mobilenetv2_1973,17.834,0
,mobilenetv2_1624,29.946,0
,mobilenetv2_1467,19.928,0
,mobilenetv2_480,21.997,0
,mobilenetv2_1933,25.969,0
,mobilenetv2_472,25.938,0
,mobilenetv2_1970,20.375,0
,mobilenetv2_1889,33.541,0
,mobilenetv2_218,42.802,0
,mobilenetv2_1842,25.288,0
,mobilenetv2_537,40.318,0
,mobilenetv2_454,29.904,0
,mobilenetv2_1262,21.675,0
,mobilenetv2_1063,28.212,0
,mobilenetv2_1952,43.102,0
,mobilenetv2_646,23.420,0
,mobilenetv2_106,26.836,0
,mobilenetv2_44,29.621,0
,mobilenetv2_1510,74.493,0
,mobilenetv2_475,17.555,0
,mobilenetv2_232,43.055,0
,mobilenetv2_1188,21.440,0
,mobilenetv2_1057,24.525,0
,mobilenetv2_764,18.636,0
,mobilenetv2_1507,25.216,0
,mobilenetv2_697,53.657,0
,mobilenetv2_119,31.111,0
,mobilenetv2_433,22.414,0
,mobilenetv2_995,29.462,0
,mobilenetv2_41,23.057,0
,mobilenetv2_1573,32.154,0
,mobilenetv2_473,15.507,0
,mobilenetv2_1612,23.804,0
,mobilenetv2_1054,27.603,0
,mobilenetv2_1079,25.336,0
,mobilenetv2_504,19.664,0
,mobilenetv2_1441,29.954,0
,mobilenetv2_155,38.317,0
,mobilenetv2_264,51.796,0
,mobilenetv2_337,55.612,0
,mobilenetv2_447,25.068,0
,mobilenetv2_1546,86.132,0
,mobilenetv2_497,16.975,0
,mobilenetv2_691,20.133,0
,mobilenetv2_1800,36.052,0
,mobilenetv2_1344,27.492,0
,mobilenetv2_1606,20.472,0
,mobilenetv2_65,24.747,0
,mobilenetv2_241,25.328,0
,mobilenetv2_1769,25.573,0
,mobilenetv2_846,17.664,0
,mobilenetv2_793,18.109,0
,mobilenetv2_189,37.748,0
,mobilenetv2_506,17.740,0
,mobilenetv2_194,30.055,0
,mobilenetv2_852,22.929,0
,mobilenetv2_1869,34.865,0
,mobilenetv2_296,24.042,0
,mobilenetv2_1559,11.768,0
,mobilenetv2_348,31.349,0
,mobilenetv2_551,36.267,0
,mobilenetv2_628,27.151,0
,mobilenetv2_1986,34.911,0
,mobilenetv2_1152,43.720,0
,mobilenetv2_270,48.518,0
,mobilenetv2_814,36.171,0
,mobilenetv2_89,24.483,0
,mobilenetv2_364,28.075,0
,mobilenetv2_40,19.446,0
,mobilenetv2_1525,31.344,0
,mobilenetv2_1473,27.903,0
,mobilenetv2_1298,32.015,0
,mobilenetv2_365,32.416,0
,mobilenetv2_920,22.894,0
,mobilenetv2_1675,43.022,0
,mobilenetv2_1282,17.790,0
,mobilenetv2_993,30.917,0
,mobilenetv2_164,22.329,0
,mobilenetv2_1337,43.766,0
,mobilenetv2_1620,21.399,0
,mobilenetv2_1648,52.694,0
,mobilenetv2_389,20.300,0
,mobilenetv2_786,16.739,0
,mobilenetv2_166,28.001,0
,mobilenetv2_1294,29.941,0
,mobilenetv2_32,41.049,0
,mobilenetv2_1245,34.262,0
,mobilenetv2_1884,35.000,0
,mobilenetv2_129,73.931,0
,mobilenetv2_588,22.633,0
,mobilenetv2_1109,46.869,0
,mobilenetv2_1199,32.144,0
,mobilenetv2_1475,40.988,0
,mobilenetv2_1196,18.075,0
,mobilenetv2_789,17.706,0
,mobilenetv2_1828,22.018,0
,mobilenetv2_1568,38.550,0
,mobilenetv2_77,25.175,0
,mobilenetv2_123,23.978,0
,mobilenetv2_739,27.618,0
,mobilenetv2_249,43.415,0
,mobilenetv2_223,30.327,0
,mobilenetv2_638,36.999,0
,mobilenetv2_1415,47.699,0
,mobilenetv2_1601,51.489,0
,mobilenetv2_1162,35.427,0
,mobilenetv2_1660,20.563,0
,mobilenetv2_915,45.164,0
,mobilenetv2_1009,27.907,0
,mobilenetv2_1854,33.623,0
,mobilenetv2_308,27.657,0
,mobilenetv2_1801,77.719,0
,mobilenetv2_694,23.882,0
,mobilenetv2_168,23.684,0
,mobilenetv2_493,20.505,0
,mobilenetv2_604,19.770,0
,mobilenetv2_1221,25.853,0
,mobilenetv2_710,64.970,0
,mobilenetv2_1719,24.977,0
,mobilenetv2_1067,42.857,0
,mobilenetv2_1310,20.906,0
,mobilenetv2_1848,24.062,0
,mobilenetv2_864,22.015,0
,mobilenetv2_601,33.715,0
,mobilenetv2_1082,26.933,0
,mobilenetv2_1981,19.787,0
,mobilenetv2_1751,57.416,0
,mobilenetv2_397,21.757,0
,mobilenetv2_174,23.827,0
,mobilenetv2_1797,49.105,0
,mobilenetv2_45,18.481,0
,mobilenetv2_1387,18.240,0
,mobilenetv2_1868,28.666,0
,mobilenetv2_1139,39.417,0
,mobilenetv2_481,38.605,0
,mobilenetv2_1114,39.161,0
,mobilenetv2_1077,24.724,0
,mobilenetv2_1529,20.033,0
,mobilenetv2_877,33.476,0
,mobilenetv2_619,25.316,0
,mobilenetv2_278,23.914,0
,mobilenetv2_523,26.788,0
,mobilenetv2_1333,21.664,0
,mobilenetv2_1371,29.360,0
,mobilenetv2_322,18.362,0
,mobilenetv2_1265,27.586,0
,mobilenetv2_692,45.911,0
,mobilenetv2_113,24.966,0
,mobilenetv2_1198,47.932,0
,mobilenetv2_444,26.569,0
,mobilenetv2_1895,21.489,0
,mobilenetv2_1609,27.081,0
,mobilenetv2_706,74.112,0
,mobilenetv2_1306,28.299,0
,mobilenetv2_121,15.196,0
,mobilenetv2_1521,22.379,0
,mobilenetv2_400,21.382,0
,mobilenetv2_1178,25.789,0
,mobilenetv2_1732,25.621,0
,mobilenetv2_704,22.862,0
,mobilenetv2_1856,15.017,0
,mobilenetv2_1428,29.011,0
,mobilenetv2_1177,26.972,0
,mobilenetv2_316,26.389,0
,mobilenetv2_1036,76.466,0
,mobilenetv2_557,19.900,0
,mobilenetv2_279,17.643,0
,mobilenetv2_1580,28.581,0
,mobilenetv2_421,33.869,0
,mobilenetv2_971,23.143,0
,mobilenetv2_1653,12.954,0
,mobilenetv2_112,24.164,0
,mobilenetv2_953,18.262,0
,mobilenetv2_1296,21.418,0
,mobilenetv2_942,49.444,0
,mobilenetv2_1816,36.543,0
,mobilenetv2_605,23.720,0
,mobilenetv2_1505,30.543,0
,mobilenetv2_1545,17.748,0
,mobilenetv2_828,36.663,0
,mobilenetv2_105,25.130,0
,mobilenetv2_1593,17.561,0
,mobilenetv2_1939,30.547,0
,mobilenetv2_288,26.915,0
,mobilenetv2_1673,56.733,0
,mobilenetv2_1327,37.517,0
,mobilenetv2_34,30.901,0
,mobilenetv2_843,23.006,0
,mobilenetv2_842,22.823,0
,mobilenetv2_773,21.897,0
,mobilenetv2_509,51.894,0
,mobilenetv2_1048,35.998,0
,mobilenetv2_1527,29.221,0
,mobilenetv2_1565,16.544,0
,mobilenetv2_107,21.477,0
,mobilenetv2_1340,16.770,0
,mobilenetv2_347,27.642,0
,mobilenetv2_1878,35.279,0
,mobilenetv2_1035,21.654,0
,mobilenetv2_240,32.867,0
,mobilenetv2_1494,70.883,0
,mobilenetv2_1118,37.861,0
,mobilenetv2_402,20.494,0
,mobilenetv2_1656,37.437,0
,mobilenetv2_641,16.217,0
,mobilenetv2_1692,54.035,0
,mobilenetv2_755,23.581,0
,mobilenetv2_1439,42.491,0
,mobilenetv2_539,21.216,0
,mobilenetv2_726,36.946,0
,mobilenetv2_1089,18.830,0
,mobilenetv2_172,15.926,0
,mobilenetv2_1328,16.389,0
,mobilenetv2_1526,22.650,0
,mobilenetv2_1304,22.976,0
,mobilenetv2_150,27.732,0
,mobilenetv2_1761,39.303,0
,mobilenetv2_1614,30.247,0
,mobilenetv2_1965,29.816,0
,mobilenetv2_654,47.584,0
,mobilenetv2_1561,24.583,0
,mobilenetv2_1138,15.316,0
,mobilenetv2_1967,26.755,0
,mobilenetv2_636,36.066,0
,mobilenetv2_1788,33.026,0
,mobilenetv2_727,79.411,0
,mobilenetv2_3,19.455,0
,mobilenetv2_674,59.436,0
,mobilenetv2_559,44.019,0
,mobilenetv2_1762,24.376,0
,mobilenetv2_614,54.160,0
,mobilenetv2_899,46.405,0
,mobilenetv2_1896,20.201,0
,mobilenetv2_931,29.109,0
,mobilenetv2_769,23.481,0
,mobilenetv2_573,22.844,0
,mobilenetv2_1417,31.349,0
,mobilenetv2_19,26.657,0
,mobilenetv2_858,39.435,0
,mobilenetv2_686,25.980,0
,mobilenetv2_1665,46.576,0
,mobilenetv2_1849,28.494,0
,mobilenetv2_1518,30.083,0
,mobilenetv2_1810,34.048,0
,mobilenetv2_282,46.056,0
,mobilenetv2_1011,31.569,0
,mobilenetv2_1117,41.405,0
,mobilenetv2_1857,21.547,0
,mobilenetv2_128,29.839,0
,mobilenetv2_1175,16.413,0
,mobilenetv2_1911,42.484,0
,mobilenetv2_985,36.366,0
,mobilenetv2_70,13.062,0
,mobilenetv2_1391,66.667,0
,mobilenetv2_324,50.048,0
,mobilenetv2_1233,15.918,0
,mobilenetv2_301,36.488,0
,mobilenetv2_659,20.131,0
,mobilenetv2_95,52.556,0
,mobilenetv2_1195,20.385,0
,mobilenetv2_1707,21.565,0
,mobilenetv2_23,46.308,0
,mobilenetv2_1881,40.182,0
,mobilenetv2_1678,23.920,0
,mobilenetv2_1555,17.371,0
,mobilenetv2_1038,19.250,0
,mobilenetv2_1532,26.602,0
,mobilenetv2_1264,26.165,0
,mobilenetv2_954,33.912,0
,mobilenetv2_474,22.810,0
,mobilenetv2_1317,36.446,0
,mobilenetv2_1223,16.865,0
,mobilenetv2_999,43.228,0
,mobilenetv2_445,22.707,0
,mobilenetv2_37,28.664,0
,mobilenetv2_935,26.863,0
,mobilenetv2_1218,43.376,0
,mobilenetv2_424,13.761,0
,mobilenetv2_1355,35.242,0
,mobilenetv2_446,15.700,0
,mobilenetv2_583,29.521,0
,mobilenetv2_1971,43.222,0
,mobilenetv2_1631,38.705,0
,mobilenetv2_1237,78.339,0
,mobilenetv2_394,39.273,0
,mobilenetv2_487,48.002,0
,mobilenetv2_802,19.786,0
,mobilenetv2_1508,19.934,0
,mobilenetv2_777,46.398,0
,mobilenetv2_1501,16.946,0
,mobilenetv2_385,69.491,0
,mobilenetv2_87,27.648,0
,mobilenetv2_512,13.876,0
,mobilenetv2_226,16.570,0
,mobilenetv2_1894,32.562,0
,mobilenetv2_820,19.950,0
,mobilenetv2_1524,13.723,0
,mobilenetv2_1959,44.226,0
,mobilenetv2_749,33.003,0
,mobilenetv2_1596,19.599,0
,mobilenetv2_1901,21.234,0
,mobilenetv2_1515,27.446,0
,mobilenetv2_546,26.103,0
,mobilenetv2_1213,21.698,0
,mobilenetv2_1076,22.821,0
,mobilenetv2_1535,22.548,0
,mobilenetv2_59,25.584,0
,mobilenetv2_854,32.160,0
,mobilenetv2_1626,46.109,0
,mobilenetv2_796,17.875,0
,mobilenetv2_154,18.292,0
,mobilenetv2_133,40.401,0
,mobilenetv2_672,19.087,0
,mobilenetv2_63,31.811,0
,mobilenetv2_1646,49.406,0
,mobilenetv2_380,46.529,0
,mobilenetv2_1280,21.743,0
,mobilenetv2_1100,54.400,0
,mobilenetv2_225,24.725,0
,mobilenetv2_952,32.533,0
,mobilenetv2_1176,28.391,0
,mobilenetv2_1671,17.449,0
,mobilenetv2_581,14.302,0
,mobilenetv2_553,21.684,0
,mobilenetv2_1990,35.403,0
,mobilenetv2_1684,33.219,0
,mobilenetv2_1086,26.416,0
,mobilenetv2_22,81.839,0
,mobilenetv2_352,42.948,0
,mobilenetv2_193,25.160,0
,mobilenetv2_856,13.305,0
,mobilenetv2_603,36.377,0
,mobilenetv2_1149,17.920,0
,mobilenetv2_1795,20.653,0
,mobilenetv2_1313,44.593,0
,mobilenetv2_122,22.442,0
,mobilenetv2_1463,42.083,0
,mobilenetv2_1465,38.107,0
,mobilenetv2_609,30.421,0
,mobilenetv2_888,30.465,0
,mobilenetv2_1172,25.195,0
,mobilenetv2_1408,26.815,0
,mobilenetv2_483,13.823,0
,mobilenetv2_1919,42.005,0
,mobilenetv2_1098,22.256,0
,mobilenetv2_1430,49.616,0
,mobilenetv2_829,41.233,0
,mobilenetv2_1851,24.264,0
,mobilenetv2_86,24.489,0
,mobilenetv2_66,31.704,0
,mobilenetv2_458,27.833,0
,mobilenetv2_1228,21.516,0
,mobilenetv2_196,26.282,0
,mobilenetv2_848,14.676,0
,mobilenetv2_192,32.424,0
,mobilenetv2_973,25.365,0
,mobilenetv2_1438,31.751,0
,mobilenetv2_1599,31.760,0
,mobilenetv2_1204,25.445,0
,mobilenetv2_792,33.452,0
,mobilenetv2_161,51.178,0
,mobilenetv2_1805,19.912,0
,mobilenetv2_460,47.363,0
,mobilenetv2_404,23.357,0
,mobilenetv2_1498,27.183,0
,mobilenetv2_1784,21.994,0
,mobilenetv2_912,19.965,0
,mobilenetv2_1978,17.485,0
,mobilenetv2_1022,15.902,0
,mobilenetv2_392,51.075,0
,mobilenetv2_1349,25.020,0
,mobilenetv2_1153,31.802,0
,mobilenetv2_93,21.450,0
,mobilenetv2_800,39.303,0
,mobilenetv2_1898,29.584,0
,mobilenetv2_1974,24.269,0
,mobilenetv2_419,49.257,0
,mobilenetv2_253,33.389,0
,mobilenetv2_1551,29.145,0
,mobilenetv2_1523,47.516,0
,mobilenetv2_426,23.814,0
,mobilenetv2_1404,21.305,0
,mobilenetv2_1291,25.247,0
,mobilenetv2_1365,46.083,0
,mobilenetv2_1299,25.614,0
,mobilenetv2_375,25.472,0
,mobilenetv2_1311,27.136,0
,mobilenetv2_670,39.584,0
,mobilenetv2_844,79.858,0
,mobilenetv2_1837,22.909,0
,mobilenetv2_1741,28.260,0
,mobilenetv2_1183,15.846,0
,mobilenetv2_382,54.224,0
,mobilenetv2_907,31.555,0
,mobilenetv2_52,35.204,0
,mobilenetv2_1016,21.973,0
,mobilenetv2_1903,36.945,0
,mobilenetv2_969,30.295,0
,mobilenetv2_1459,44.864,0
,mobilenetv2_1493,52.833,0
,mobilenetv2_1534,41.199,0
,mobilenetv2_1409,43.351,0
,mobilenetv2_1273,32.626,0
,mobilenetv2_1123,32.638,0
,mobilenetv2_744,21.448,0
,mobilenetv2_228,21.961,0
,mobilenetv2_1790,28.630,0
,mobilenetv2_552,30.019,0
,mobilenetv2_795,24.043,0
,mobilenetv2_384,80.669,0
,mobilenetv2_965,27.797,0
,mobilenetv2_1131,41.998,0
,mobilenetv2_673,33.221,0
,mobilenetv2_1142,22.437,0
,mobilenetv2_998,48.326,0
,mobilenetv2_1804,27.991,0
,mobilenetv2_1287,43.996,0
,mobilenetv2_950,25.388,0
,mobilenetv2_1159,19.445,0
,mobilenetv2_160,20.808,0
,mobilenetv2_885,38.444,0
,mobilenetv2_1858,52.744,0
,mobilenetv2_1390,27.126,0
,mobilenetv2_289,33.696,0
,mobilenetv2_921,28.283,0
,mobilenetv2_1474,20.050,0
,mobilenetv2_341,17.043,0
,mobilenetv2_1946,19.379,0
,mobilenetv2_753,28.264,0
,mobilenetv2_1300,68.947,0
,mobilenetv2_1234,46.073,0
,mobilenetv2_370,47.494,0
,mobilenetv2_730,17.370,0
,mobilenetv2_198,59.993,0
,mobilenetv2_926,16.620,0
,mobilenetv2_202,30.358,0
,mobilenetv2_405,12.496,0
,mobilenetv2_738,45.652,0
,mobilenetv2_1740,18.068,0
,mobilenetv2_1834,79.626,0
,mobilenetv2_568,26.396,0
,mobilenetv2_1026,32.509,0
,mobilenetv2_1490,18.471,0
,mobilenetv2_1289,36.819,0
,mobilenetv2_872,52.434,0
,mobilenetv2_1358,44.581,0
,mobilenetv2_705,25.537,0
,mobilenetv2_1314,28.104,0
,mobilenetv2_381,27.881,0
,mobilenetv2_693,54.398,0
,mobilenetv2_838,17.344,0
,mobilenetv2_167,18.177,0
,mobilenetv2_822,33.331,0
,mobilenetv2_1464,17.158,0
,mobilenetv2_1979,23.554,0
,mobilenetv2_1059,26.342,0
,mobilenetv2_989,22.046,0
,mobilenetv2_1050,35.053,0
,mobilenetv2_1496,33.905,0
,mobilenetv2_1383,47.173,0
,mobilenetv2_1537,28.837,0
,mobilenetv2_1760,59.600,0
,mobilenetv2_1604,21.918,0
,mobilenetv2_544,26.488,0
,mobilenetv2_1683,26.906,0
,mobilenetv2_158,23.910,0
,mobilenetv2_1400,16.870,0
,mobilenetv2_1091,20.746,0
,mobilenetv2_946,37.057,0
,mobilenetv2_1108,48.788,0
,mobilenetv2_259,61.865,0
,mobilenetv2_335,20.990,0
,mobilenetv2_479,30.755,0
,mobilenetv2_14,20.946,0
,mobilenetv2_199,24.748,0
,mobilenetv2_891,23.809,0
,mobilenetv2_1942,22.693,0
,mobilenetv2_457,25.328,0
,mobilenetv2_215,28.291,0
,mobilenetv2_1071,33.758,0
,mobilenetv2_1549,16.193,0
,mobilenetv2_387,28.916,0
,mobilenetv2_558,47.415,0
,mobilenetv2_297,21.964,0
,mobilenetv2_861,19.963,0
,mobilenetv2_1437,34.427,0
,mobilenetv2_268,33.775,0
,mobilenetv2_594,43.479,0
,mobilenetv2_140,44.998,0
,mobilenetv2_1638,42.601,0
,mobilenetv2_1674,26.092,0
,mobilenetv2_214,26.198,0
,mobilenetv2_1813,20.969,0
,mobilenetv2_1938,21.277,0
,mobilenetv2_464,29.012,0
,mobilenetv2_1918,16.863,0
,mobilenetv2_1330,54.272,0
,mobilenetv2_1543,24.370,0
,mobilenetv2_190,20.057,0
,mobilenetv2_157,23.885,0
,mobilenetv2_1504,27.058,0
,mobilenetv2_1158,40.434,0
,mobilenetv2_719,29.587,0
,mobilenetv2_922,39.732,0
,mobilenetv2_908,33.704,0
,mobilenetv2_1281,26.173,0
,mobilenetv2_579,31.726,0
,mobilenetv2_1969,21.858,0
,mobilenetv2_675,25.133,0
,mobilenetv2_1350,24.186,0
,mobilenetv2_1194,31.026,0
,mobilenetv2_1564,20.147,0
,mobilenetv2_1886,16.936,0
,mobilenetv2_1407,25.343,0
,mobilenetv2_1880,26.759,0
,mobilenetv2_1768,14.696,0
,mobilenetv2_1352,35.335,0
,mobilenetv2_521,38.136,0
,mobilenetv2_1574,16.699,0
,mobilenetv2_1161,28.959,0
,mobilenetv2_548,19.927,0
,mobilenetv2_173,28.616,0
,mobilenetv2_1956,25.219,0
,mobilenetv2_1029,17.903,0
,mobilenetv2_1259,24.872,0
,mobilenetv2_1829,23.400,0
,mobilenetv2_732,24.826,0
,mobilenetv2_642,37.724,0
,mobilenetv2_1382,33.760,0
,mobilenetv2_1516,27.266,0
,mobilenetv2_310,19.411,0
,mobilenetv2_273,55.342,0
,mobilenetv2_349,22.824,0
,mobilenetv2_1130,20.057,0
,mobilenetv2_186,30.051,0
,mobilenetv2_1744,25.027,0
,mobilenetv2_668,31.297,0
,mobilenetv2_1983,34.050,0
,mobilenetv2_987,25.854,0
,mobilenetv2_1708,48.692,0
,mobilenetv2_645,26.466,0
,mobilenetv2_812,15.392,0
,mobilenetv2_1575,25.789,0
,mobilenetv2_596,17.862,0
,mobilenetv2_589,25.719,0
,mobilenetv2_438,33.211,0
,mobilenetv2_611,21.284,0
,mobilenetv2_1688,81.516,0
,mobilenetv2_1729,45.887,0
,mobilenetv2_569,31.928,0
,mobilenetv2_1482,26.583,0
,mobilenetv2_1203,47.009,0
,mobilenetv2_48,22.497,0
,mobilenetv2_386,20.906,0
,mobilenetv2_260,31.170,0
,mobilenetv2_1989,35.272,0
,mobilenetv2_787,17.628,0
,mobilenetv2_1133,45.879,0
,mobilenetv2_283,26.040,0
,mobilenetv2_461,20.657,0
,mobilenetv2_1677,27.699,0
,mobilenetv2_351,38.942,0
,mobilenetv2_1835,15.074,0
,mobilenetv2_1958,16.292,0
,mobilenetv2_1730,17.864,0
,mobilenetv2_1635,24.371,0
,mobilenetv2_209,27.373,0
,mobilenetv2_31,27.311,0
,mobilenetv2_1180,43.750,0
,mobilenetv2_1018,29.047,0
,mobilenetv2_784,19.169,0
,mobilenetv2_390,28.815,0
,mobilenetv2_1778,80.616,0
,mobilenetv2_346,26.363,0
,mobilenetv2_1007,48.191,0
,mobilenetv2_1454,49.253,0
,mobilenetv2_1025,32.261,0
,mobilenetv2_1210,39.364,0
,mobilenetv2_1120,20.053,0
,mobilenetv2_1966,27.337,0
,mobilenetv2_1923,20.589,0
,mobilenetv2_467,76.275,0
,mobilenetv2_1999,35.499,0
,mobilenetv2_1051,14.477,0
,mobilenetv2_1633,27.841,0
,mobilenetv2_1476,17.181,0
,mobilenetv2_398,22.612,0
,mobilenetv2_1316,41.663,0
,mobilenetv2_1002,18.790,0
,mobilenetv2_15,14.891,0
,mobilenetv2_1242,80.483,0
,mobilenetv2_1703,19.941,0
,mobilenetv2_1468,43.197,0
,mobilenetv2_791,28.566,0
,mobilenetv2_1654,52.534,0
,mobilenetv2_775,20.507,0
,mobilenetv2_1346,16.152,0
,mobilenetv2_669,23.428,0
,mobilenetv2_533,39.194,0
,mobilenetv2_797,14.239,0
,mobilenetv2_1590,34.163,0
,mobilenetv2_243,42.662,0
,mobilenetv2_827,73.949,0
,mobilenetv2_1277,72.490,0
,mobilenetv2_1361,33.035,0
,mobilenetv2_353,27.901,0
,mobilenetv2_1378,28.400,0
,mobilenetv2_947,23.082,0
,mobilenetv2_657,55.030,0
,mobilenetv2_1088,40.188,0
,mobilenetv2_1726,25.007,0
,mobilenetv2_1368,25.074,0
,mobilenetv2_56,25.850,0
,mobilenetv2_1955,20.754,0
,mobilenetv2_10,27.795,0
,mobilenetv2_1993,21.923,0
,mobilenetv2_1260,30.095,0
,mobilenetv2_1164,16.974,0
,mobilenetv2_1017,15.186,0
,mobilenetv2_1492,26.663,0
,mobilenetv2_1250,70.911,0
,mobilenetv2_1586,68.597,0
,mobilenetv2_1997,17.494,0
,mobilenetv2_1929,30.224,0
,mobilenetv2_933,16.097,0
,mobilenetv2_1425,42.761,0
,mobilenetv2_925,20.398,0
,mobilenetv2_274,29.175,0
,mobilenetv2_1550,23.717,0
,mobilenetv2_516,22.480,0
,mobilenetv2_1472,42.880,0
,mobilenetv2_131,24.307,0
,mobilenetv2_665,23.646,0
,mobilenetv2_1360,24.511,0
,mobilenetv2_841,22.106,0
,mobilenetv2_741,16.049,0
,mobilenetv2_1293,35.942,0
,mobilenetv2_111,22.810,0
,mobilenetv2_1060,30.597,0
,mobilenetv2_715,64.190,0
,mobilenetv2_126,31.077,0
,mobilenetv2_331,29.431,0
,mobilenetv2_1321,31.489,0
,mobilenetv2_545,32.713,0
,mobilenetv2_813,14.036,0
,mobilenetv2_1015,27.689,0
,mobilenetv2_1600,27.347,0
,mobilenetv2_1679,41.906,0
,mobilenetv2_6,22.626,0
,mobilenetv2_1010,24.554,0
,mobilenetv2_626,36.610,0
,mobilenetv2_36,47.364,0
,mobilenetv2_1450,36.275,0
,mobilenetv2_163,23.019,0
,mobilenetv2_393,23.849,0
,mobilenetv2_835,40.086,0
,mobilenetv2_149,18.839,0
,mobilenetv2_311,53.441,0
,mobilenetv2_146,68.375,0
,mobilenetv2_1739,30.744,0
,mobilenetv2_934,47.168,0
,mobilenetv2_1179,30.813,0
,mobilenetv2_1249,24.590,0
,mobilenetv2_430,23.836,0
,mobilenetv2_751,35.948,0
,mobilenetv2_1238,19.165,0
,mobilenetv2_580,80.848,0
,mobilenetv2_1713,38.840,0
,mobilenetv2_890,25.459,0
,mobilenetv2_1416,23.046,0
,mobilenetv2_577,25.768,0
,mobilenetv2_1219,27.313,0
,mobilenetv2_1877,18.797,0
,mobilenetv2_873,22.757,0
,mobilenetv2_1789,34.617,0
,mobilenetv2_287,24.521,0
,mobilenetv2_1962,30.072,0
,mobilenetv2_439,24.175,0
,mobilenetv2_300,30.744,0
,mobilenetv2_171,45.311,0
,mobilenetv2_1376,13.806,0
,mobilenetv2_1897,24.567,0
,mobilenetv2_1458,26.900,0
,mobilenetv2_819,13.329,0
,mobilenetv2_1819,20.274,0
,mobilenetv2_1531,26.175,0
,mobilenetv2_39,28.790,0
,mobilenetv2_869,49.390,0
,mobilenetv2_729,26.228,0
,mobilenetv2_188,29.567,0
,mobilenetv2_765,45.243,0
,mobilenetv2_629,12.479,0
,mobilenetv2_91,21.321,0
,mobilenetv2_1608,40.720,0
,mobilenetv2_1135,42.292,0
,mobilenetv2_698,20.297,0
,mobilenetv2_507,24.903,0
,mobilenetv2_1377,27.361,0
,mobilenetv2_1619,55.320,0
,mobilenetv2_1720,23.511,0
,mobilenetv2_1427,21.431,0
,mobilenetv2_229,44.959,0
,mobilenetv2_1699,18.840,0
,mobilenetv2_216,27.636,0
,mobilenetv2_1944,27.277,0
,mobilenetv2_536,26.651,0
,mobilenetv2_1045,20.160,0
,mobilenetv2_465,42.065,0
,mobilenetv2_1112,30.093,0
,mobilenetv2_514,24.920,0
,mobilenetv2_816,16.153,0
,mobilenetv2_1373,35.308,0
,mobilenetv2_940,30.161,0
,mobilenetv2_708,34.685,0
,mobilenetv2_956,22.710,0
,mobilenetv2_176,27.773,0
,mobilenetv2_1012,49.383,0
,mobilenetv2_996,32.826,0
,mobilenetv2_836,16.744,0
,mobilenetv2_1517,13.452,0
,mobilenetv2_762,27.228,0
,mobilenetv2_338,26.750,0
,mobilenetv2_757,20.066,0
,mobilenetv2_1241,23.232,0
,mobilenetv2_410,23.095,0
,mobilenetv2_1058,24.931,0
,mobilenetv2_293,22.188,0
,mobilenetv2_127,34.914,0
,mobilenetv2_535,61.935,0
,mobilenetv2_1870,47.347,0
,mobilenetv2_1420,20.615,0
,mobilenetv2_162,16.084,0
,mobilenetv2_790,25.851,0
,mobilenetv2_16,41.022,0
,mobilenetv2_1603,20.494,0
,mobilenetv2_1491,27.122,0
,mobilenetv2_530,29.857,0
,mobilenetv2_1426,56.198,0
,mobilenetv2_1436,18.457,0
,mobilenetv2_496,29.907,0
,mobilenetv2_656,42.936,0
,mobilenetv2_1239,41.209,0
,mobilenetv2_1728,30.467,0
,mobilenetv2_756,26.207,0
,mobilenetv2_1101,25.229,0
,mobilenetv2_8,25.215,0
,mobilenetv2_549,22.680,0
,mobilenetv2_957,20.566,0
,mobilenetv2_1065,30.648,0
,mobilenetv2_1042,28.153,0
,mobilenetv2_1116,32.782,0
,mobilenetv2_258,46.795,0
,mobilenetv2_1499,35.787,0
,mobilenetv2_621,41.373,0
,mobilenetv2_1511,18.096,0
,mobilenetv2_981,20.294,0
,mobilenetv2_1588,13.191,0
,mobilenetv2_453,74.306,0
,mobilenetv2_1095,13.048,0
,mobilenetv2_1171,14.485,0
,mobilenetv2_1583,34.600,0
,mobilenetv2_1976,38.940,0
,mobilenetv2_1657,25.521,0
,mobilenetv2_1584,26.015,0
,mobilenetv2_1670,25.405,0
,mobilenetv2_1329,21.781,0
,mobilenetv2_1110,35.142,0
,mobilenetv2_1134,24.585,0
,mobilenetv2_1246,40.432,0
,mobilenetv2_1032,57.527,0
,mobilenetv2_1766,36.121,0
,mobilenetv2_1844,25.022,0
,mobilenetv2_625,23.199,0
,mobilenetv2_303,16.746,0
,mobilenetv2_1461,22.097,0
,mobilenetv2_1513,52.913,0
,mobilenetv2_1113,26.602,0
,mobilenetv2_865,42.477,0
,mobilenetv2_1787,26.564,0
,mobilenetv2_1863,31.089,0
,mobilenetv2_918,24.842,0
,mobilenetv2_254,17.604,0
,mobilenetv2_881,27.757,0
,mobilenetv2_1037,24.666,0
,mobilenetv2_1763,47.816,0
,mobilenetv2_1595,23.688,0
,mobilenetv2_1393,16.732,0
,mobilenetv2_54,17.694,0
,mobilenetv2_38,26.937,0
,mobilenetv2_269,35.110,0
,mobilenetv2_1392,27.286,0
,mobilenetv2_943,20.863,0
,mobilenetv2_1069,27.961,0
,mobilenetv2_707,32.208,0
,mobilenetv2_1781,44.440,0
,mobilenetv2_1033,32.560,0
,mobilenetv2_233,26.508,0
,mobilenetv2_1216,21.775,0
,mobilenetv2_1907,26.396,0
,mobilenetv2_916,17.240,0
,mobilenetv2_1479,24.519,0
,mobilenetv2_326,22.071,0
,mobilenetv2_153,30.486,0
,mobilenetv2_1855,23.736,0
,mobilenetv2_805,34.274,0
,mobilenetv2_547,19.393,0
,mobilenetv2_747,18.305,0
,mobilenetv2_1640,27.016,0
,mobilenetv2_689,18.689,0
,mobilenetv2_272,38.888,0
,mobilenetv2_1372,18.321,0
,mobilenetv2_277,22.038,0
,mobilenetv2_1435,36.888,0
,mobilenetv2_494,27.831,0
,mobilenetv2_114,16.406,0
,mobilenetv2_99,32.795,0
,mobilenetv2_643,19.949,0
,mobilenetv2_988,24.197,0
,mobilenetv2_1119,26.232,0
,mobilenetv2_1948,21.752,0
,mobilenetv2_261,58.827,0
,mobilenetv2_1887,26.872,0
,mobilenetv2_678,28.034,0
,mobilenetv2_1961,18.884,0
,mobilenetv2_972,22.493,0
,mobilenetv2_1126,30.784,0
,mobilenetv2_1103,18.642,0
,mobilenetv2_677,20.676,0
,mobilenetv2_1542,29.779,0
,mobilenetv2_821,30.586,0
,mobilenetv2_1860,19.666,0
,mobilenetv2_945,30.659,0
,mobilenetv2_1772,41.625,0
,mobilenetv2_1432,28.497,0
,mobilenetv2_413,18.539,0
,mobilenetv2_1925,17.440,0
,mobilenetv2_295,67.226,0
,mobilenetv2_928,39.545,0
,mobilenetv2_515,21.614,0
,mobilenetv2_144,25.910,0
,mobilenetv2_1536,27.030,0
,mobilenetv2_623,18.679,0
,mobilenetv2_593,21.065,0
,mobilenetv2_1557,19.773,0
,mobilenetv2_1963,31.512,0
,mobilenetv2_1643,12.252,0
,mobilenetv2_1756,45.616,0
,mobilenetv2_17,15.997,0
,mobilenetv2_1003,44.656,0
,mobilenetv2_1723,50.930,0
,mobilenetv2_1841,23.565,0
,mobilenetv2_1275,15.752,0
,mobilenetv2_1148,21.046,0
,mobilenetv2_637,17.398,0
,mobilenetv2_1514,16.787,0
,mobilenetv2_62,17.284,0
,mobilenetv2_600,19.192,0
,mobilenetv2_1477,55.875,0
,mobilenetv2_478,22.087,0
,mobilenetv2_1742,30.236,0
,mobilenetv2_1278,58.562,0
,mobilenetv2_1351,29.663,0
,mobilenetv2_1143,22.585,0
,mobilenetv2_1802,31.088,0
,mobilenetv2_363,22.211,0
,mobilenetv2_728,16.470,0
,mobilenetv2_1627,40.364,0
,mobilenetv2_977,37.386,0
,mobilenetv2_1497,22.415,0
,mobilenetv2_1040,33.032,0
,mobilenetv2_482,19.731,0
,mobilenetv2_590,44.424,0
,mobilenetv2_811,53.852,0
,mobilenetv2_896,41.174,0
,mobilenetv2_1731,22.404,0
,mobilenetv2_875,20.893,0
,mobilenetv2_73,23.732,0
,mobilenetv2_152,20.347,0
,mobilenetv2_7,24.971,0
,mobilenetv2_1594,32.631,0
,mobilenetv2_508,66.924,0
,mobilenetv2_1885,28.189,0
,mobilenetv2_1284,21.255,0
,mobilenetv2_966,21.099,0
,mobilenetv2_832,37.953,0
,mobilenetv2_82,20.479,0
,mobilenetv2_575,21.567,0
,mobilenetv2_21,34.560,0
,mobilenetv2_1921,40.859,0
,mobilenetv2_1520,19.239,0
,mobilenetv2_1500,26.169,0
,mobilenetv2_1442,35.218,0
,mobilenetv2_964,37.788,0
,mobilenetv2_110,40.275,0
,mobilenetv2_1936,28.163,0
,mobilenetv2_570,30.538,0
,mobilenetv2_184,14.622,0
,mobilenetv2_1243,27.880,0
,mobilenetv2_653,26.480,0
,mobilenetv2_1553,32.131,0
,mobilenetv2_1339,15.054,0
,mobilenetv2_1672,57.842,0
,mobilenetv2_567,31.981,0
,mobilenetv2_35,36.607,0
,mobilenetv2_591,31.402,0
,mobilenetv2_1792,20.809,0
,mobilenetv2_222,20.643,0
,mobilenetv2_1992,28.493,0
,mobilenetv2_220,25.223,0
,mobilenetv2_1651,25.294,0
,mobilenetv2_1541,22.408,0
,mobilenetv2_718,48.739,0
,mobilenetv2_357,50.039,0
,mobilenetv2_542,77.258,0
,mobilenetv2_498,36.489,0
,mobilenetv2_863,13.798,0
,mobilenetv2_1141,27.210,0
,mobilenetv2_391,19.315,0
,mobilenetv2_1836,21.293,0
,mobilenetv2_771,26.230,0
,mobilenetv2_901,34.536,0
,mobilenetv2_1460,40.692,0
,mobilenetv2_1081,22.005,0
,mobilenetv2_904,33.229,0
,mobilenetv2_1005,27.272,0
,mobilenetv2_1097,30.328,0
,mobilenetv2_462,24.897,0
,mobilenetv2_332,20.265,0
,mobilenetv2_1695,37.656,0
,mobilenetv2_1252,31.484,0
,mobilenetv2_1866,21.281,0
,mobilenetv2_1263,23.260,0
,mobilenetv2_1150,36.088,0
,mobilenetv2_11,28.139,0
,mobilenetv2_136,11.862,0
,mobilenetv2_1950,40.004,0
,mobilenetv2_887,35.599,0
,mobilenetv2_803,26.464,0
,mobilenetv2_1935,17.180,0
,mobilenetv2_1056,18.889,0
,mobilenetv2_713,44.927,0
,mobilenetv2_1380,40.921,0
,mobilenetv2_1747,16.675,0
,mobilenetv2_1070,25.319,0
,mobilenetv2_1552,23.386,0
,mobilenetv2_1798,78.817,0
,mobilenetv2_1224,26.563,0
,mobilenetv2_1634,47.698,0
,mobilenetv2_834,31.718,0
,mobilenetv2_650,15.837,0
,mobilenetv2_411,48.071,0
,mobilenetv2_342,47.882,0
,mobilenetv2_1451,21.613,0
,mobilenetv2_823,46.897,0
,mobilenetv2_1659,20.831,0
,mobilenetv2_1001,24.149,0
,mobilenetv2_1443,16.779,0
,mobilenetv2_116,25.585,0
,mobilenetv2_555,27.483,0
,mobilenetv2_200,24.032,0
,mobilenetv2_1576,29.972,0
,mobilenetv2_1431,25.627,0
,mobilenetv2_1205,24.025,0
,mobilenetv2_1949,74.492,0
,mobilenetv2_1502,58.558,0
,mobilenetv2_1616,21.810,0
,mobilenetv2_74,21.224,0
,mobilenetv2_1876,50.972,0
,mobilenetv2_239,27.747,0
,mobilenetv2_1181,36.348,0
,mobilenetv2_1236,32.327,0
,mobilenetv2_859,27.216,0
,mobilenetv2_582,27.620,0
,mobilenetv2_1406,19.870,0
,mobilenetv2_85,63.142,0
,mobilenetv2_477,25.940,0
,mobilenetv2_1184,29.379,0
,mobilenetv2_1379,20.706,0
,mobilenetv2_1192,30.009,0
,mobilenetv2_716,36.535,0
,mobilenetv2_315,44.708,0
,mobilenetv2_906,22.974,0
,mobilenetv2_470,24.799,0
,mobilenetv2_72,25.854,0
,mobilenetv2_709,17.413,0
,mobilenetv2_165,20.985,0
,mobilenetv2_459,33.322,0
,mobilenetv2_360,53.368,0
,mobilenetv2_246,33.612,0
,mobilenetv2_911,27.293,0
,mobilenetv2_564,22.018,0
,mobilenetv2_1815,17.669,0
,mobilenetv2_1268,19.534,0
,mobilenetv2_909,15.569,0
,mobilenetv2_746,78.315,0
,mobilenetv2_345,31.895,0
,mobilenetv2_847,19.723,0
,mobilenetv2_1418,42.053,0
,mobilenetv2_336,25.317,0
,mobilenetv2_740,34.250,0
,mobilenetv2_962,22.814,0
,mobilenetv2_788,33.159,0
,mobilenetv2_839,15.071,0
,mobilenetv2_1485,54.996,0
,mobilenetv2_913,15.256,0
,mobilenetv2_252,15.440,0
,mobilenetv2_1446,27.001,0
,mobilenetv2_1353,18.101,0
,mobilenetv2_1190,22.619,0
,mobilenetv2_212,52.591,0
,mobilenetv2_857,18.958,0
,mobilenetv2_1348,22.889,0
,mobilenetv2_1106,40.680,0
,mobilenetv2_1566,17.374,0
,mobilenetv2_1738,43.817,0
,mobilenetv2_256,31.431,0
,mobilenetv2_565,20.862,0
,mobilenetv2_1099,35.827,0
,mobilenetv2_350,26.204,0
,mobilenetv2_1217,26.103,0
,mobilenetv2_1276,24.139,0
,mobilenetv2_42,41.865,0
,mobilenetv2_1823,41.774,0
,mobilenetv2_90,51.261,0
,mobilenetv2_377,32.652,0
,mobilenetv2_250,17.437,0
,mobilenetv2_586,61.417,0
,mobilenetv2_1167,20.243,0
,mobilenetv2_499,27.430,0
,mobilenetv2_1413,22.012,0
,mobilenetv2_307,19.785,0
,mobilenetv2_1394,26.766,0
,mobilenetv2_1864,39.090,0
,mobilenetv2_456,23.932,0
,mobilenetv2_1105,36.839,0
,mobilenetv2_501,22.594,0
,mobilenetv2_1208,46.055,0
,mobilenetv2_970,25.993,0
,mobilenetv2_1750,26.863,0
,mobilenetv2_1367,41.839,0
,mobilenetv2_29,29.859,0
,mobilenetv2_717,18.325,0
,mobilenetv2_556,38.331,0
,mobilenetv2_745,36.424,0
,mobilenetv2_463,43.336,0
,mobilenetv2_1558,24.096,0
,mobilenetv2_994,24.675,0
,mobilenetv2_562,20.393,0
,mobilenetv2_484,23.448,0
,mobilenetv2_982,30.823,0
,mobilenetv2_1934,54.906,0
,mobilenetv2_505,25.140,0
,mobilenetv2_43,58.142,0
,mobilenetv2_853,16.132,0
,mobilenetv2_1363,36.722,0
,mobilenetv2_1253,26.130,0
,mobilenetv2_1904,33.758,0
,mobilenetv2_495,30.602,0
,mobilenetv2_1301,45.602,0
,mobilenetv2_774,58.563,0
,mobilenetv2_1893,32.161,0
,mobilenetv2_1704,28.927,0
,mobilenetv2_868,19.862,0
,mobilenetv2_1698,11.251,0
,mobilenetv2_1044,24.612,0
,mobilenetv2_1605,19.019,0
,mobilenetv2_1589,30.913,0
,mobilenetv2_587,19.079,0
,mobilenetv2_967,30.636,0
,mobilenetv2_420,34.194,0
,mobilenetv2_94,15.981,0
,mobilenetv2_1831,20.337,0
,mobilenetv2_1266,24.535,0
,mobilenetv2_71,20.447,0
,mobilenetv2_1771,30.679,0
,mobilenetv2_958,29.248,0
,mobilenetv2_1315,27.994,0
,mobilenetv2_1024,28.637,0
,mobilenetv2_139,31.144,0
,mobilenetv2_1270,33.319,0
,mobilenetv2_1165,48.507,0
,mobilenetv2_735,55.059,0
,mobilenetv2_455,26.738,0
,mobilenetv2_1809,30.293,0
,mobilenetv2_1621,28.665,0
,mobilenetv2_314,21.189,0
,mobilenetv2_18,27.898,0
,mobilenetv2_1325,25.006,0
,mobilenetv2_435,28.169,0
,mobilenetv2_613,22.524,0
,mobilenetv2_599,38.992,0
,mobilenetv2_1852,42.660,0
,mobilenetv2_1331,42.296,0
,mobilenetv2_592,52.335,0
,mobilenetv2_1611,30.446,0
,mobilenetv2_1690,68.180,0
,mobilenetv2_1991,14.933,0
,mobilenetv2_1995,22.967,0
,mobilenetv2_1908,14.609,0
,mobilenetv2_195,39.000,0
,mobilenetv2_448,23.605,0
,mobilenetv2_699,24.551,0
,mobilenetv2_361,21.980,0
,mobilenetv2_109,32.992,0
,mobilenetv2_1587,61.225,0
,mobilenetv2_997,18.159,0
,mobilenetv2_595,20.192,0
,mobilenetv2_737,32.119,0
,mobilenetv2_519,41.905,0
,mobilenetv2_1019,30.561,0
,mobilenetv2_513,29.774,0
,mobilenetv2_1927,21.602,0
,mobilenetv2_492,25.821,0
,mobilenetv2_1757,36.645,0
,mobilenetv2_1701,25.548,0
,mobilenetv2_1227,33.456,0
,mobilenetv2_1030,34.743,0
,mobilenetv2_101,30.620,0
,mobilenetv2_936,25.598,0
,mobilenetv2_880,28.042,0
,mobilenetv2_1191,29.001,0
,mobilenetv2_1399,23.397,0
,mobilenetv2_1539,19.388,0
,mobilenetv2_783,20.720,0
,mobilenetv2_825,33.804,0
,mobilenetv2_978,20.422,0
,mobilenetv2_610,23.319,0
,mobilenetv2_441,27.136,0
,mobilenetv2_1470,25.956,0
,mobilenetv2_1209,31.408,0
,mobilenetv2_1591,23.506,0
,mobilenetv2_318,76.229,0
,mobilenetv2_1773,23.562,0
,mobilenetv2_1157,30.345,0
,mobilenetv2_431,19.017,0
,mobilenetv2_1354,37.151,0
,mobilenetv2_1598,17.795,0
,mobilenetv2_1663,50.185,0
,mobilenetv2_1292,50.095,0
,mobilenetv2_1342,36.346,0
,mobilenetv2_671,22.751,0
,mobilenetv2_221,26.182,0
,mobilenetv2_1636,32.877,0
,mobilenetv2_1388,19.697,0
,mobilenetv2_115,16.058,0
,mobilenetv2_1642,13.141,0
,mobilenetv2_524,19.573,0
,mobilenetv2_640,46.224,0
,mobilenetv2_986,28.122,0
,mobilenetv2_663,48.809,0
,mobilenetv2_1540,44.830,0
,mobilenetv2_754,23.419,0
,mobilenetv2_1244,27.936,0
,mobilenetv2_1652,21.596,0
,mobilenetv2_417,19.977,0
,mobilenetv2_1480,23.533,0
,mobilenetv2_960,16.944,0
,mobilenetv2_1782,32.524,0
,mobilenetv2_833,49.182,0
,mobilenetv2_1662,25.389,0
,mobilenetv2_147,64.675,0
,mobilenetv2_333,48.909,0
,mobilenetv2_1381,43.583,0
,mobilenetv2_227,40.028,0
,mobilenetv2_1147,34.448,0
,mobilenetv2_1717,17.710,0
,mobilenetv2_469,54.284,0
,mobilenetv2_612,23.109,0
,mobilenetv2_137,33.167,0
,mobilenetv2_51,64.455,0
,mobilenetv2_1096,19.616,0
,mobilenetv2_159,26.562,0
,mobilenetv2_1562,25.275,0
,mobilenetv2_1424,36.702,0
,mobilenetv2_1758,27.655,0
,mobilenetv2_522,25.380,0
,mobilenetv2_1871,25.078,0
,mobilenetv2_1486,27.601,0
,mobilenetv2_1873,35.738,0
,mobilenetv2_1644,14.213,0
,mobilenetv2_1791,27.022,0
