,nasbench201_4377,4.270,0
,nasbench201_14306,2.819,0
,nasbench201_372,4.438,0
,nasbench201_982,5.579,0
,nasbench201_13652,4.820,0
,nasbench201_898,2.821,0
,nasbench201_2058,2.832,0
,nasbench201_11198,3.801,0
,nasbench201_11235,5.516,0
,nasbench201_14232,4.822,0
,nasbench201_9101,3.468,0
,nasbench201_7152,5.068,0
,nasbench201_8695,5.133,0
,nasbench201_2053,4.892,0
,nasbench201_1445,4.173,0
,nasbench201_3033,4.303,0
,nasbench201_9052,5.364,0
,nasbench201_274,5.233,0
,nasbench201_3477,4.514,0
,nasbench201_10460,5.499,0
,nasbench201_13363,4.390,0
,nasbench201_11667,5.590,0
,nasbench201_11299,4.556,0
,nasbench201_2657,3.527,0
,nasbench201_7140,5.399,0
,nasbench201_7353,3.161,0
,nasbench201_10272,5.947,0
,nasbench201_14149,5.221,0
,nasbench201_3748,3.545,0
,nasbench201_15040,4.824,0
,nasbench201_4191,4.620,0
,nasbench201_11457,6.096,0
,nasbench201_3082,5.103,0
,nasbench201_2105,5.013,0
,nasbench201_10835,4.299,0
,nasbench201_3383,5.911,0
,nasbench201_4708,5.041,0
,nasbench201_8536,4.578,0
,nasbench201_7801,5.676,0
,nasbench201_10335,5.023,0
,nasbench201_6931,4.011,0
,nasbench201_11353,2.833,0
,nasbench201_8312,4.039,0
,nasbench201_8606,3.164,0
,nasbench201_1585,2.826,0
,nasbench201_1514,3.741,0
,nasbench201_5244,2.836,0
,nasbench201_10739,6.399,0
,nasbench201_10484,3.176,0
,nasbench201_147,5.943,0
,nasbench201_4197,5.712,0
,nasbench201_14878,5.326,0
,nasbench201_14203,3.171,0
,nasbench201_1555,5.669,0
,nasbench201_9389,4.501,0
,nasbench201_4252,5.933,0
,nasbench201_11332,4.597,0
,nasbench201_7452,5.814,0
,nasbench201_4496,5.429,0
,nasbench201_2376,5.288,0
,nasbench201_2030,6.295,0
,nasbench201_1080,6.349,0
,nasbench201_1000,4.247,0
,nasbench201_4946,3.164,0
,nasbench201_15070,4.612,0
,nasbench201_7463,5.591,0
,nasbench201_2561,3.760,0
,nasbench201_1195,5.955,0
,nasbench201_5780,3.171,0
,nasbench201_13561,4.937,0
,nasbench201_12160,5.747,0
,nasbench201_5979,4.835,0
,nasbench201_6529,4.346,0
,nasbench201_12123,4.924,0
,nasbench201_6640,4.820,0
,nasbench201_5374,4.910,0
,nasbench201_3928,5.521,0
,nasbench201_5486,5.087,0
,nasbench201_6449,3.462,0
,nasbench201_15291,5.765,0
,nasbench201_1264,5.933,0
,nasbench201_6324,4.217,0
,nasbench201_3434,5.727,0
,nasbench201_5545,4.956,0
,nasbench201_6657,5.082,0
,nasbench201_2510,4.023,0
,nasbench201_10560,5.140,0
,nasbench201_7600,4.521,0
,nasbench201_2238,6.148,0
,nasbench201_13123,5.961,0
,nasbench201_6288,3.998,0
,nasbench201_11530,4.108,0
,nasbench201_8827,5.264,0
,nasbench201_6078,4.217,0
,nasbench201_8708,3.157,0
,nasbench201_7987,5.666,0
,nasbench201_9600,4.930,0
,nasbench201_3737,3.460,0
,nasbench201_15593,3.802,0
,nasbench201_4921,4.402,0
,nasbench201_8549,5.266,0
,nasbench201_12201,5.004,0
,nasbench201_12421,4.899,0
,nasbench201_7990,4.962,0
,nasbench201_10028,5.458,0
,nasbench201_6904,3.467,0
,nasbench201_7953,4.241,0
,nasbench201_12887,5.830,0
,nasbench201_5301,5.950,0
,nasbench201_5956,3.975,0
,nasbench201_4424,5.805,0
,nasbench201_12967,4.667,0
,nasbench201_7601,3.525,0
,nasbench201_9218,4.049,0
,nasbench201_293,5.937,0
,nasbench201_4571,5.407,0
,nasbench201_1498,5.869,0
,nasbench201_7054,5.215,0
,nasbench201_5028,5.694,0
,nasbench201_14749,5.451,0
,nasbench201_3820,5.159,0
,nasbench201_13884,5.815,0
,nasbench201_6855,3.456,0
,nasbench201_5324,5.674,0
,nasbench201_9961,5.548,0
,nasbench201_14029,6.105,0
,nasbench201_12481,5.569,0
,nasbench201_14880,6.053,0
,nasbench201_7136,3.466,0
,nasbench201_14091,4.252,0
,nasbench201_9722,3.166,0
,nasbench201_3123,5.919,0
,nasbench201_5533,4.514,0
,nasbench201_12579,4.908,0
,nasbench201_10281,5.798,0
,nasbench201_8228,6.406,0
,nasbench201_2590,4.161,0
,nasbench201_10239,4.518,0
,nasbench201_6689,3.460,0
,nasbench201_1122,5.010,0
,nasbench201_4150,5.502,0
,nasbench201_1078,3.461,0
,nasbench201_14985,5.394,0
,nasbench201_6051,5.112,0
,nasbench201_4562,5.441,0
,nasbench201_4135,5.383,0
,nasbench201_7254,5.134,0
,nasbench201_12143,5.131,0
,nasbench201_6388,3.458,0
,nasbench201_374,5.028,0
,nasbench201_7826,5.845,0
,nasbench201_11079,2.841,0
,nasbench201_361,5.820,0
,nasbench201_6016,3.175,0
,nasbench201_2693,3.454,0
,nasbench201_5652,4.886,0
,nasbench201_14583,3.127,0
,nasbench201_13291,4.244,0
,nasbench201_4913,5.390,0
,nasbench201_6512,6.195,0
,nasbench201_4154,4.021,0
,nasbench201_1646,3.794,0
,nasbench201_1521,4.663,0
,nasbench201_14769,3.455,0
,nasbench201_10986,5.753,0
,nasbench201_3050,5.428,0
,nasbench201_8649,4.214,0
,nasbench201_3972,4.123,0
,nasbench201_13647,4.896,0
,nasbench201_12645,3.180,0
,nasbench201_13987,3.917,0
,nasbench201_12029,5.017,0
,nasbench201_1825,4.903,0
,nasbench201_14356,4.678,0
,nasbench201_9864,5.161,0
,nasbench201_3731,5.210,0
,nasbench201_14567,2.819,0
,nasbench201_3864,3.462,0
,nasbench201_14064,5.038,0
,nasbench201_1617,4.234,0
,nasbench201_15341,6.427,0
,nasbench201_13014,5.181,0
,nasbench201_8102,6.268,0
,nasbench201_1653,4.629,0
,nasbench201_11686,3.638,0
,nasbench201_9728,5.740,0
,nasbench201_14840,3.467,0
,nasbench201_14651,3.782,0
,nasbench201_11943,4.404,0
,nasbench201_960,4.126,0
,nasbench201_11876,5.398,0
,nasbench201_13700,5.890,0
,nasbench201_6964,6.074,0
,nasbench201_10872,4.452,0
,nasbench201_3275,4.846,0
,nasbench201_8058,5.736,0
,nasbench201_4902,5.747,0
,nasbench201_3296,5.686,0
,nasbench201_2906,5.416,0
,nasbench201_5854,4.223,0
,nasbench201_12609,3.471,0
,nasbench201_10370,4.862,0
,nasbench201_7237,3.464,0
,nasbench201_6976,4.685,0
,nasbench201_14806,4.978,0
,nasbench201_7960,3.460,0
,nasbench201_4269,6.302,0
,nasbench201_12296,4.934,0
,nasbench201_13999,6.053,0
,nasbench201_111,5.066,0
,nasbench201_6797,5.529,0
,nasbench201_3272,5.383,0
,nasbench201_3705,4.366,0
,nasbench201_14204,4.535,0
,nasbench201_13693,4.503,0
,nasbench201_7544,3.116,0
,nasbench201_10496,4.250,0
,nasbench201_6063,3.800,0
,nasbench201_8394,5.282,0
,nasbench201_7455,3.534,0
,nasbench201_2778,5.454,0
,nasbench201_4655,5.797,0
,nasbench201_13675,4.794,0
,nasbench201_2941,4.801,0
,nasbench201_6256,4.478,0
,nasbench201_9161,3.679,0
,nasbench201_5771,4.382,0
,nasbench201_6250,2.835,0
,nasbench201_12002,3.614,0
,nasbench201_7768,3.115,0
,nasbench201_12680,3.818,0
,nasbench201_14622,6.061,0
,nasbench201_5081,6.302,0
,nasbench201_8192,2.826,0
,nasbench201_9215,4.579,0
,nasbench201_9937,3.118,0
,nasbench201_7144,4.471,0
,nasbench201_8572,4.933,0
,nasbench201_14620,5.072,0
,nasbench201_14491,6.322,0
,nasbench201_12702,5.125,0
,nasbench201_3849,6.580,0
,nasbench201_99,4.052,0
,nasbench201_180,3.468,0
,nasbench201_1724,6.305,0
,nasbench201_733,2.827,0
,nasbench201_6496,3.940,0
,nasbench201_3035,5.355,0
,nasbench201_5304,5.520,0
,nasbench201_12880,4.994,0
,nasbench201_13904,4.773,0
,nasbench201_6716,3.480,0
,nasbench201_10546,4.589,0
,nasbench201_9648,5.475,0
,nasbench201_9608,5.767,0
,nasbench201_4485,4.148,0
,nasbench201_11867,3.903,0
,nasbench201_7985,3.118,0
,nasbench201_4209,4.594,0
,nasbench201_14560,6.023,0
,nasbench201_15035,4.258,0
,nasbench201_13336,4.492,0
,nasbench201_10179,3.464,0
,nasbench201_12053,5.403,0
,nasbench201_10578,6.233,0
,nasbench201_14473,5.304,0
,nasbench201_3575,6.554,0
,nasbench201_9431,6.043,0
,nasbench201_13325,4.851,0
,nasbench201_8884,3.157,0
,nasbench201_12104,3.787,0
,nasbench201_8754,6.116,0
,nasbench201_8662,5.898,0
,nasbench201_10244,5.678,0
,nasbench201_13214,3.125,0
,nasbench201_15537,6.363,0
,nasbench201_11145,4.573,0
,nasbench201_250,3.163,0
,nasbench201_5095,6.010,0
,nasbench201_8838,4.559,0
,nasbench201_7560,3.454,0
,nasbench201_803,4.387,0
,nasbench201_10192,4.885,0
,nasbench201_7918,4.685,0
,nasbench201_7494,5.927,0
,nasbench201_2952,3.871,0
,nasbench201_5655,4.727,0
,nasbench201_6804,5.151,0
,nasbench201_15380,3.127,0
,nasbench201_3162,2.836,0
,nasbench201_3419,3.462,0
,nasbench201_8104,5.452,0
,nasbench201_6787,3.675,0
,nasbench201_6567,5.527,0
,nasbench201_12366,5.613,0
,nasbench201_1572,2.836,0
,nasbench201_5024,3.952,0
,nasbench201_4193,5.799,0
,nasbench201_7079,4.694,0
,nasbench201_4266,4.627,0
,nasbench201_9149,5.393,0
,nasbench201_13079,5.058,0
,nasbench201_9743,4.255,0
,nasbench201_14475,4.358,0
,nasbench201_5633,5.180,0
,nasbench201_12198,4.327,0
,nasbench201_4490,4.857,0
,nasbench201_1316,5.004,0
,nasbench201_13755,3.165,0
,nasbench201_14031,5.655,0
,nasbench201_15615,3.169,0
,nasbench201_6585,5.646,0
,nasbench201_4385,4.036,0
,nasbench201_10439,4.643,0
,nasbench201_10641,4.583,0
,nasbench201_6030,6.001,0
,nasbench201_13826,3.454,0
,nasbench201_5708,5.156,0
,nasbench201_7602,5.294,0
,nasbench201_1573,3.482,0
,nasbench201_6233,5.580,0
,nasbench201_9751,5.838,0
,nasbench201_9880,3.095,0
,nasbench201_3664,4.631,0
,nasbench201_3310,6.278,0
,nasbench201_543,5.148,0
,nasbench201_12223,3.459,0
,nasbench201_6446,5.152,0
,nasbench201_14616,4.577,0
,nasbench201_12581,4.318,0
,nasbench201_541,4.860,0
,nasbench201_10337,5.398,0
,nasbench201_1459,5.236,0
,nasbench201_5526,5.459,0
,nasbench201_5978,5.544,0
,nasbench201_8426,3.165,0
,nasbench201_2601,3.806,0
,nasbench201_1040,4.612,0
,nasbench201_4557,5.280,0
,nasbench201_7821,4.860,0
,nasbench201_7531,2.825,0
,nasbench201_15123,3.826,0
,nasbench201_8669,3.458,0
,nasbench201_1583,5.102,0
,nasbench201_14100,4.572,0
,nasbench201_11239,5.424,0
,nasbench201_455,4.862,0
,nasbench201_5335,4.916,0
,nasbench201_2188,5.456,0
,nasbench201_1361,5.811,0
,nasbench201_14866,5.438,0
,nasbench201_12552,5.760,0
,nasbench201_11331,5.534,0
,nasbench201_7909,3.550,0
,nasbench201_3166,4.819,0
,nasbench201_4907,5.298,0
,nasbench201_10200,3.158,0
,nasbench201_7288,3.786,0
,nasbench201_10611,3.804,0
,nasbench201_8894,4.989,0
,nasbench201_14410,3.470,0
,nasbench201_7403,4.911,0
,nasbench201_13714,5.489,0
,nasbench201_15221,4.891,0
,nasbench201_12466,4.547,0
,nasbench201_4281,3.812,0
,nasbench201_7036,5.455,0
,nasbench201_1818,4.804,0
,nasbench201_3458,5.709,0
,nasbench201_2369,3.912,0
,nasbench201_7030,2.817,0
,nasbench201_8162,4.959,0
,nasbench201_10156,3.110,0
,nasbench201_2743,5.280,0
,nasbench201_7548,5.954,0
,nasbench201_8625,5.788,0
,nasbench201_10687,3.455,0
,nasbench201_8985,5.000,0
,nasbench201_13382,6.264,0
,nasbench201_2159,5.211,0
,nasbench201_12663,3.173,0
,nasbench201_5176,5.287,0
,nasbench201_857,5.033,0
,nasbench201_6019,5.214,0
,nasbench201_8761,6.038,0
,nasbench201_9640,5.141,0
,nasbench201_6653,3.458,0
,nasbench201_6422,4.215,0
,nasbench201_6118,5.991,0
,nasbench201_7238,5.177,0
,nasbench201_9216,3.457,0
,nasbench201_4533,3.809,0
,nasbench201_4453,5.938,0
,nasbench201_15228,5.086,0
,nasbench201_12413,5.468,0
,nasbench201_14805,6.064,0
,nasbench201_2900,3.901,0
,nasbench201_5721,6.323,0
,nasbench201_12564,5.217,0
,nasbench201_8654,5.483,0
,nasbench201_3977,5.388,0
,nasbench201_2401,5.203,0
,nasbench201_14647,5.779,0
,nasbench201_2856,5.474,0
,nasbench201_11303,4.046,0
,nasbench201_10975,5.326,0
,nasbench201_12726,6.538,0
,nasbench201_11587,4.319,0
,nasbench201_5664,5.237,0
,nasbench201_10767,5.865,0
,nasbench201_6515,3.183,0
,nasbench201_2889,5.806,0
,nasbench201_3540,3.492,0
,nasbench201_1149,5.327,0
,nasbench201_6305,5.596,0
,nasbench201_5609,5.332,0
,nasbench201_8857,4.198,0
,nasbench201_11104,4.984,0
,nasbench201_3470,2.823,0
,nasbench201_2912,2.834,0
,nasbench201_11321,4.374,0
,nasbench201_1742,4.610,0
,nasbench201_658,3.931,0
,nasbench201_12569,4.607,0
,nasbench201_8135,5.535,0
,nasbench201_4441,5.566,0
,nasbench201_9387,3.543,0
,nasbench201_13743,4.333,0
,nasbench201_11376,3.624,0
,nasbench201_4973,4.583,0
,nasbench201_2508,5.692,0
,nasbench201_983,5.535,0
,nasbench201_3805,5.554,0
,nasbench201_11195,5.303,0
,nasbench201_9094,4.356,0
,nasbench201_7326,5.764,0
,nasbench201_10197,6.321,0
,nasbench201_5151,5.077,0
,nasbench201_4037,5.847,0
,nasbench201_6820,5.747,0
,nasbench201_12175,4.921,0
,nasbench201_11232,4.582,0
,nasbench201_5423,4.874,0
,nasbench201_5848,3.794,0
,nasbench201_9950,3.162,0
,nasbench201_6728,4.262,0
,nasbench201_4403,6.376,0
,nasbench201_2016,3.460,0
,nasbench201_12092,4.659,0
,nasbench201_11351,5.143,0
,nasbench201_840,5.566,0
,nasbench201_2225,4.574,0
,nasbench201_1383,3.139,0
,nasbench201_732,5.715,0
,nasbench201_8124,4.667,0
,nasbench201_4013,5.869,0
,nasbench201_2632,5.231,0
,nasbench201_6928,3.959,0
,nasbench201_10213,5.436,0
,nasbench201_8352,4.806,0
,nasbench201_5248,3.448,0
,nasbench201_3055,5.293,0
,nasbench201_5390,2.813,0
,nasbench201_3653,3.808,0
,nasbench201_9718,4.964,0
,nasbench201_2699,4.977,0
,nasbench201_1120,6.151,0
,nasbench201_13582,5.940,0
,nasbench201_13368,4.845,0
,nasbench201_2966,3.464,0
,nasbench201_10486,4.330,0
,nasbench201_10970,3.874,0
,nasbench201_8120,4.234,0
,nasbench201_14872,4.353,0
,nasbench201_52,5.692,0
,nasbench201_12689,3.944,0
,nasbench201_3888,5.197,0
,nasbench201_873,6.136,0
,nasbench201_15084,4.229,0
,nasbench201_8343,5.284,0
,nasbench201_7376,4.597,0
,nasbench201_12709,4.236,0
,nasbench201_14580,5.601,0
,nasbench201_13359,5.139,0
,nasbench201_5266,5.985,0
,nasbench201_10770,6.209,0
,nasbench201_9451,5.982,0
,nasbench201_5711,5.751,0
,nasbench201_7901,5.140,0
,nasbench201_11480,4.986,0
,nasbench201_9016,4.004,0
,nasbench201_360,4.756,0
,nasbench201_14573,3.793,0
,nasbench201_5645,2.823,0
,nasbench201_9788,4.563,0
,nasbench201_14923,4.566,0
,nasbench201_9917,3.985,0
,nasbench201_5369,4.811,0
,nasbench201_8452,6.311,0
,nasbench201_9493,4.575,0
,nasbench201_8290,4.642,0
,nasbench201_12080,5.002,0
,nasbench201_12068,4.821,0
,nasbench201_1285,5.076,0
,nasbench201_11692,3.499,0
,nasbench201_2528,3.171,0
,nasbench201_9441,3.117,0
,nasbench201_12754,3.641,0
,nasbench201_4208,4.935,0
,nasbench201_2580,5.056,0
,nasbench201_1797,3.814,0
,nasbench201_13660,4.909,0
,nasbench201_15034,3.466,0
,nasbench201_8566,4.226,0
,nasbench201_15483,3.128,0
,nasbench201_235,3.455,0
,nasbench201_12528,4.678,0
,nasbench201_15363,3.151,0
,nasbench201_12855,5.575,0
,nasbench201_15065,3.679,0
,nasbench201_261,4.955,0
,nasbench201_13234,5.740,0
,nasbench201_4761,4.275,0
,nasbench201_12806,2.820,0
,nasbench201_15548,6.033,0
,nasbench201_10919,5.516,0
,nasbench201_10545,4.790,0
,nasbench201_5954,4.046,0
,nasbench201_684,5.631,0
,nasbench201_3247,4.115,0
,nasbench201_15003,5.260,0
,nasbench201_3882,3.455,0
,nasbench201_7720,5.825,0
,nasbench201_11395,4.500,0
,nasbench201_5835,5.475,0
,nasbench201_1267,5.797,0
,nasbench201_8736,4.248,0
,nasbench201_12618,4.603,0
,nasbench201_3464,6.283,0
,nasbench201_2121,4.544,0
,nasbench201_1886,3.467,0
,nasbench201_10637,5.517,0
,nasbench201_6982,4.895,0
,nasbench201_12630,5.958,0
,nasbench201_14116,5.187,0
,nasbench201_824,3.460,0
,nasbench201_7926,5.890,0
,nasbench201_2954,6.165,0
,nasbench201_6530,5.331,0
,nasbench201_5090,5.006,0
,nasbench201_12776,3.686,0
,nasbench201_168,4.982,0
,nasbench201_5826,4.346,0
,nasbench201_9927,5.133,0
,nasbench201_11250,4.975,0
,nasbench201_5786,5.601,0
,nasbench201_12553,5.744,0
,nasbench201_7057,3.449,0
,nasbench201_7557,6.251,0
,nasbench201_3650,3.122,0
,nasbench201_1059,4.555,0
,nasbench201_12477,4.301,0
,nasbench201_13995,6.285,0
,nasbench201_7372,5.421,0
,nasbench201_3255,4.336,0
,nasbench201_12295,3.228,0
,nasbench201_242,5.682,0
,nasbench201_9460,5.132,0
,nasbench201_4580,5.749,0
,nasbench201_582,4.900,0
,nasbench201_15573,5.557,0
,nasbench201_4758,4.408,0
,nasbench201_3738,5.653,0
,nasbench201_10128,3.798,0
,nasbench201_3063,4.804,0
,nasbench201_5214,5.425,0
,nasbench201_13160,4.504,0
,nasbench201_8114,5.963,0
,nasbench201_4713,4.425,0
,nasbench201_15612,6.101,0
,nasbench201_4418,4.876,0
,nasbench201_5736,5.526,0
,nasbench201_8547,2.813,0
,nasbench201_15131,5.207,0
,nasbench201_4278,4.983,0
,nasbench201_1621,3.466,0
,nasbench201_3578,4.575,0
,nasbench201_14456,5.304,0
,nasbench201_10315,5.068,0
,nasbench201_2594,5.089,0
,nasbench201_8590,5.487,0
,nasbench201_3134,5.722,0
,nasbench201_10935,4.602,0
,nasbench201_6082,5.505,0
,nasbench201_7442,6.148,0
,nasbench201_7525,5.279,0
,nasbench201_11201,3.805,0
,nasbench201_9506,5.108,0
,nasbench201_11512,5.811,0
,nasbench201_4325,4.856,0
,nasbench201_9494,5.083,0
,nasbench201_14338,4.468,0
,nasbench201_7419,4.807,0
,nasbench201_3678,4.185,0
,nasbench201_4046,3.478,0
,nasbench201_4787,5.554,0
,nasbench201_8101,5.199,0
,nasbench201_15348,5.470,0
,nasbench201_9207,3.526,0
,nasbench201_11601,3.461,0
,nasbench201_10027,3.463,0
,nasbench201_5000,5.162,0
,nasbench201_8253,3.186,0
,nasbench201_5745,5.404,0
,nasbench201_2260,4.679,0
,nasbench201_12014,4.462,0
,nasbench201_265,6.056,0
,nasbench201_15586,5.140,0
,nasbench201_2834,3.459,0
,nasbench201_385,3.459,0
,nasbench201_6556,5.830,0
,nasbench201_3461,4.404,0
,nasbench201_4707,6.042,0
,nasbench201_7149,3.459,0
,nasbench201_5836,3.814,0
,nasbench201_12933,5.607,0
,nasbench201_4062,5.177,0
,nasbench201_9785,6.504,0
,nasbench201_2424,6.046,0
,nasbench201_8993,5.822,0
,nasbench201_10620,3.461,0
,nasbench201_1762,5.703,0
,nasbench201_4422,5.758,0
,nasbench201_8093,5.663,0
,nasbench201_4063,5.350,0
,nasbench201_15508,4.933,0
,nasbench201_14720,4.932,0
,nasbench201_318,4.670,0
,nasbench201_14919,4.880,0
,nasbench201_7832,5.642,0
,nasbench201_13950,5.927,0
,nasbench201_10066,4.248,0
,nasbench201_7769,4.114,0
,nasbench201_15425,5.513,0
,nasbench201_5884,4.321,0
,nasbench201_440,6.372,0
,nasbench201_6459,4.363,0
,nasbench201_8449,4.942,0
,nasbench201_10375,6.039,0
,nasbench201_869,5.005,0
,nasbench201_10988,5.476,0
,nasbench201_11400,4.897,0
,nasbench201_5251,4.845,0
,nasbench201_256,4.845,0
,nasbench201_6872,5.715,0
,nasbench201_11985,5.595,0
,nasbench201_12158,4.209,0
,nasbench201_4926,5.529,0
,nasbench201_7897,4.519,0
,nasbench201_2506,4.688,0
,nasbench201_13111,5.875,0
,nasbench201_5144,4.240,0
,nasbench201_7354,4.168,0
,nasbench201_9235,4.726,0
,nasbench201_654,4.253,0
,nasbench201_6724,4.954,0
,nasbench201_12184,4.617,0
,nasbench201_13585,4.336,0
,nasbench201_10000,5.186,0
,nasbench201_9571,4.657,0
,nasbench201_14462,5.017,0
,nasbench201_11399,5.922,0
,nasbench201_13244,3.466,0
,nasbench201_10131,4.552,0
,nasbench201_15485,5.719,0
,nasbench201_7134,4.565,0
,nasbench201_4693,5.925,0
,nasbench201_8296,3.455,0
,nasbench201_4474,4.498,0
,nasbench201_4454,6.599,0
,nasbench201_77,3.462,0
,nasbench201_9969,4.071,0
,nasbench201_2967,3.771,0
,nasbench201_6225,4.967,0
,nasbench201_487,5.562,0
,nasbench201_8733,4.013,0
,nasbench201_12882,5.420,0
,nasbench201_13019,6.204,0
,nasbench201_4275,5.226,0
,nasbench201_12212,5.799,0
,nasbench201_11711,4.647,0
,nasbench201_6621,3.747,0
,nasbench201_14654,4.013,0
,nasbench201_13578,4.011,0
,nasbench201_4404,6.350,0
,nasbench201_11737,4.873,0
,nasbench201_11799,4.507,0
,nasbench201_5791,6.558,0
,nasbench201_9049,6.655,0
,nasbench201_12078,4.068,0
,nasbench201_1396,4.917,0
,nasbench201_2515,5.964,0
,nasbench201_11000,4.198,0
,nasbench201_11065,4.569,0
,nasbench201_11879,4.480,0
,nasbench201_15383,4.588,0
,nasbench201_11374,5.195,0
,nasbench201_7202,4.021,0
,nasbench201_11217,3.176,0
,nasbench201_3559,4.796,0
,nasbench201_11685,3.458,0
,nasbench201_14386,5.671,0
,nasbench201_6864,6.190,0
,nasbench201_10400,6.031,0
,nasbench201_13132,5.273,0
,nasbench201_1587,3.908,0
,nasbench201_12620,4.836,0
,nasbench201_8627,3.117,0
,nasbench201_8619,4.997,0
,nasbench201_7209,6.625,0
,nasbench201_13127,4.582,0
,nasbench201_10699,4.662,0
,nasbench201_13237,5.271,0
,nasbench201_587,5.074,0
,nasbench201_12494,3.457,0
,nasbench201_8641,4.840,0
,nasbench201_248,2.830,0
,nasbench201_4729,5.565,0
,nasbench201_6351,4.865,0
,nasbench201_4041,6.064,0
,nasbench201_13416,4.499,0
,nasbench201_11398,3.450,0
,nasbench201_4909,4.787,0
,nasbench201_1658,3.777,0
,nasbench201_3121,4.586,0
,nasbench201_2419,4.745,0
,nasbench201_10715,4.775,0
,nasbench201_12249,4.235,0
,nasbench201_6719,3.457,0
,nasbench201_4181,4.764,0
,nasbench201_722,5.186,0
,nasbench201_7565,4.060,0
,nasbench201_4766,4.966,0
,nasbench201_14861,4.659,0
,nasbench201_1053,5.769,0
,nasbench201_171,6.006,0
,nasbench201_5184,3.597,0
,nasbench201_12130,4.273,0
,nasbench201_15159,4.827,0
,nasbench201_1654,6.056,0
,nasbench201_11157,3.165,0
,nasbench201_12956,3.166,0
,nasbench201_8901,5.454,0
,nasbench201_13032,3.457,0
,nasbench201_13761,3.437,0
,nasbench201_3811,2.822,0
,nasbench201_3858,4.218,0
,nasbench201_5966,4.390,0
,nasbench201_4184,6.133,0
,nasbench201_13507,6.379,0
,nasbench201_6929,5.680,0
,nasbench201_11385,5.831,0
,nasbench201_2476,4.841,0
,nasbench201_5805,5.938,0
,nasbench201_7243,5.353,0
,nasbench201_6925,4.271,0
,nasbench201_10003,4.463,0
,nasbench201_14218,5.421,0
,nasbench201_6117,5.694,0
,nasbench201_13082,5.147,0
,nasbench201_2212,5.013,0
,nasbench201_13390,5.197,0
,nasbench201_2648,2.825,0
,nasbench201_14368,4.869,0
,nasbench201_1842,3.954,0
,nasbench201_9281,4.349,0
,nasbench201_6338,5.577,0
,nasbench201_13814,4.139,0
,nasbench201_12955,3.639,0
,nasbench201_6697,4.856,0
,nasbench201_11500,5.126,0
,nasbench201_1086,5.410,0
,nasbench201_15151,4.487,0
,nasbench201_12508,4.742,0
,nasbench201_6188,5.741,0
,nasbench201_12140,3.791,0
,nasbench201_862,5.831,0
,nasbench201_9350,4.322,0
,nasbench201_655,5.258,0
,nasbench201_912,3.463,0
,nasbench201_1556,4.651,0
,nasbench201_5207,6.166,0
,nasbench201_10747,3.933,0
,nasbench201_490,5.167,0
,nasbench201_5440,5.146,0
,nasbench201_895,3.456,0
,nasbench201_7335,6.130,0
,nasbench201_10324,4.908,0
,nasbench201_4487,3.802,0
,nasbench201_2554,5.781,0
,nasbench201_11637,4.555,0
,nasbench201_11693,3.645,0
,nasbench201_5801,4.586,0
,nasbench201_9474,5.110,0
,nasbench201_7184,4.643,0
,nasbench201_8049,6.054,0
,nasbench201_9782,2.833,0
,nasbench201_3830,4.044,0
,nasbench201_1145,4.620,0
,nasbench201_14289,5.667,0
,nasbench201_9428,4.250,0
,nasbench201_937,5.639,0
,nasbench201_13825,5.995,0
,nasbench201_4258,5.014,0
,nasbench201_13560,6.098,0
,nasbench201_8059,4.525,0
,nasbench201_14813,3.117,0
,nasbench201_14055,3.880,0
,nasbench201_12274,4.889,0
,nasbench201_8485,6.149,0
,nasbench201_10788,5.375,0
,nasbench201_4659,2.835,0
,nasbench201_10632,5.300,0
,nasbench201_682,3.788,0
,nasbench201_5011,3.457,0
,nasbench201_1906,4.332,0
,nasbench201_13478,4.521,0
,nasbench201_5617,5.130,0
,nasbench201_1939,4.581,0
,nasbench201_6402,3.454,0
,nasbench201_2269,4.694,0
,nasbench201_8860,4.646,0
,nasbench201_12687,5.279,0
,nasbench201_11830,4.823,0
,nasbench201_13997,4.424,0
,nasbench201_2725,4.398,0
,nasbench201_12489,5.601,0
,nasbench201_214,4.182,0
,nasbench201_1010,3.532,0
,nasbench201_10636,4.768,0
,nasbench201_4099,3.166,0
,nasbench201_2577,6.841,0
,nasbench201_12118,6.909,0
,nasbench201_14228,4.780,0
,nasbench201_6989,5.390,0
,nasbench201_3933,5.966,0
,nasbench201_5856,3.173,0
,nasbench201_8848,4.625,0
,nasbench201_7407,3.624,0
,nasbench201_12415,3.839,0
,nasbench201_1428,3.473,0
,nasbench201_10155,4.809,0
,nasbench201_12608,5.674,0
,nasbench201_258,3.174,0
,nasbench201_7505,3.733,0
,nasbench201_3538,4.366,0
,nasbench201_9923,5.761,0
,nasbench201_7500,4.785,0
,nasbench201_446,4.342,0
,nasbench201_10104,6.178,0
,nasbench201_2213,4.374,0
,nasbench201_13805,3.456,0
,nasbench201_15144,5.548,0
,nasbench201_14239,5.995,0
,nasbench201_6932,5.855,0
,nasbench201_7715,5.335,0
,nasbench201_3467,4.345,0
,nasbench201_7767,3.124,0
,nasbench201_9156,5.451,0
,nasbench201_4796,5.003,0
,nasbench201_14287,4.579,0
,nasbench201_6951,4.588,0
,nasbench201_15523,4.668,0
,nasbench201_1912,4.375,0
,nasbench201_3456,5.014,0
,nasbench201_1058,3.813,0
,nasbench201_5111,5.162,0
,nasbench201_3250,5.765,0
,nasbench201_15399,5.470,0
,nasbench201_1934,4.327,0
,nasbench201_6999,4.261,0
,nasbench201_14773,4.164,0
,nasbench201_11318,4.524,0
,nasbench201_7009,3.802,0
,nasbench201_4212,5.872,0
,nasbench201_7389,4.627,0
,nasbench201_12922,5.842,0
,nasbench201_11783,4.294,0
,nasbench201_8413,3.165,0
,nasbench201_10721,5.837,0
,nasbench201_65,6.118,0
,nasbench201_4847,4.248,0
,nasbench201_1335,6.218,0
,nasbench201_10241,4.638,0
,nasbench201_13226,4.884,0
,nasbench201_1745,3.457,0
,nasbench201_5544,4.812,0
,nasbench201_14638,3.191,0
,nasbench201_7236,3.738,0
,nasbench201_10750,3.164,0
,nasbench201_9443,4.695,0
,nasbench201_11694,5.604,0
,nasbench201_14350,5.259,0
,nasbench201_10676,5.024,0
,nasbench201_6105,3.782,0
,nasbench201_5436,5.007,0
,nasbench201_7048,4.235,0
,nasbench201_13461,6.528,0
,nasbench201_2013,5.748,0
,nasbench201_12761,4.816,0
,nasbench201_4807,5.739,0
,nasbench201_8855,4.238,0
,nasbench201_11754,4.991,0
,nasbench201_14890,3.444,0
,nasbench201_9673,5.630,0
,nasbench201_189,4.587,0
,nasbench201_14732,5.223,0
,nasbench201_7277,5.650,0
,nasbench201_15029,2.838,0
,nasbench201_9597,5.191,0
,nasbench201_9596,6.159,0
,nasbench201_15524,4.778,0
,nasbench201_8085,5.522,0
,nasbench201_14153,5.965,0
,nasbench201_3706,5.525,0
,nasbench201_7534,6.332,0
,nasbench201_15283,3.701,0
,nasbench201_10007,6.072,0
,nasbench201_4608,3.445,0
,nasbench201_12492,5.007,0
,nasbench201_13354,5.325,0
,nasbench201_9121,5.755,0
,nasbench201_4983,3.160,0
,nasbench201_10568,4.327,0
,nasbench201_5725,2.824,0
,nasbench201_3256,4.007,0
,nasbench201_13775,3.461,0
,nasbench201_690,5.048,0
,nasbench201_6154,5.183,0
,nasbench201_8288,3.172,0
,nasbench201_10957,4.764,0
,nasbench201_6382,2.816,0
,nasbench201_15462,6.187,0
,nasbench201_2700,6.031,0
,nasbench201_224,4.389,0
,nasbench201_13054,6.416,0
,nasbench201_8946,5.938,0
,nasbench201_5500,4.894,0
,nasbench201_15028,4.499,0
,nasbench201_11528,6.042,0
,nasbench201_1139,5.387,0
,nasbench201_425,4.269,0
,nasbench201_3170,5.702,0
,nasbench201_725,5.415,0
,nasbench201_13018,3.121,0
,nasbench201_945,6.376,0
,nasbench201_9543,3.991,0
,nasbench201_2776,3.163,0
,nasbench201_13017,5.586,0
,nasbench201_15190,5.178,0
,nasbench201_13317,3.119,0
,nasbench201_13572,6.066,0
,nasbench201_435,5.171,0
,nasbench201_4986,4.832,0
,nasbench201_9836,5.671,0
,nasbench201_10838,4.032,0
,nasbench201_8401,3.168,0
,nasbench201_5262,3.800,0
,nasbench201_4141,5.401,0
,nasbench201_2845,3.456,0
,nasbench201_14304,5.099,0
,nasbench201_11831,3.795,0
,nasbench201_6189,5.225,0
,nasbench201_1165,4.595,0
,nasbench201_9141,5.643,0
,nasbench201_2720,4.980,0
,nasbench201_5029,6.055,0
,nasbench201_14548,6.149,0
,nasbench201_15518,3.458,0
,nasbench201_7304,4.302,0
,nasbench201_12568,4.329,0
,nasbench201_13955,4.410,0
,nasbench201_8285,3.180,0
,nasbench201_12483,3.809,0
,nasbench201_9689,2.820,0
,nasbench201_14624,6.063,0
,nasbench201_5063,5.052,0
,nasbench201_9586,5.219,0
,nasbench201_1943,2.823,0
,nasbench201_14493,5.994,0
,nasbench201_6375,5.447,0
,nasbench201_11441,3.800,0
,nasbench201_5878,4.530,0
,nasbench201_11060,5.885,0
,nasbench201_6171,4.533,0
,nasbench201_14760,4.460,0
,nasbench201_15371,3.458,0
,nasbench201_11533,2.828,0
,nasbench201_10150,5.416,0
,nasbench201_42,3.177,0
,nasbench201_14168,4.495,0
,nasbench201_10411,4.706,0
,nasbench201_12779,3.444,0
,nasbench201_2292,5.418,0
,nasbench201_12388,4.981,0
,nasbench201_14299,4.622,0
,nasbench201_6074,4.105,0
,nasbench201_11887,5.136,0
,nasbench201_2686,3.804,0
,nasbench201_810,3.453,0
,nasbench201_12288,4.170,0
,nasbench201_5356,3.462,0
,nasbench201_609,5.870,0
,nasbench201_1013,4.691,0
,nasbench201_4024,4.546,0
,nasbench201_4942,5.084,0
,nasbench201_2552,4.042,0
,nasbench201_5256,5.529,0
,nasbench201_3300,5.407,0
,nasbench201_663,5.614,0
,nasbench201_4401,5.039,0
,nasbench201_2257,4.528,0
,nasbench201_12384,5.094,0
,nasbench201_1189,4.558,0
,nasbench201_13717,5.749,0
,nasbench201_138,5.900,0
,nasbench201_4125,5.930,0
,nasbench201_5831,4.783,0
,nasbench201_12596,3.467,0
,nasbench201_629,3.798,0
,nasbench201_8004,4.918,0
,nasbench201_9715,2.822,0
,nasbench201_5797,4.666,0
,nasbench201_5169,4.418,0
,nasbench201_15312,3.803,0
,nasbench201_15561,5.004,0
,nasbench201_11377,4.248,0
,nasbench201_4235,3.463,0
,nasbench201_12848,5.332,0
,nasbench201_15599,4.362,0
,nasbench201_5334,4.503,0
,nasbench201_11167,4.572,0
,nasbench201_3697,5.012,0
,nasbench201_12943,5.662,0
,nasbench201_4782,5.591,0
,nasbench201_12155,4.220,0
,nasbench201_8891,6.647,0
,nasbench201_8411,4.971,0
,nasbench201_12672,3.456,0
,nasbench201_7850,4.545,0
,nasbench201_1062,6.469,0
,nasbench201_9442,5.688,0
,nasbench201_5922,4.679,0
,nasbench201_13431,4.632,0
,nasbench201_14748,4.575,0
,nasbench201_1317,4.893,0
,nasbench201_12819,5.494,0
,nasbench201_1896,4.820,0
,nasbench201_1968,5.329,0
,nasbench201_7166,5.280,0
,nasbench201_13750,3.455,0
,nasbench201_10360,5.131,0
,nasbench201_13376,4.594,0
,nasbench201_9372,5.084,0
,nasbench201_14572,5.186,0
,nasbench201_542,6.069,0
,nasbench201_11598,3.469,0
,nasbench201_14609,5.807,0
,nasbench201_14296,5.135,0
,nasbench201_5698,5.835,0
,nasbench201_10811,4.493,0
,nasbench201_8853,4.888,0
,nasbench201_11174,3.151,0
,nasbench201_1869,6.570,0
,nasbench201_11647,5.948,0
,nasbench201_749,6.101,0
,nasbench201_14416,4.481,0
,nasbench201_714,2.826,0
,nasbench201_645,3.449,0
,nasbench201_466,4.314,0
,nasbench201_6729,4.923,0
,nasbench201_5280,3.989,0
,nasbench201_9624,5.681,0
,nasbench201_14928,5.620,0
,nasbench201_11307,4.973,0
,nasbench201_12940,4.836,0
,nasbench201_15303,2.810,0
,nasbench201_9417,4.033,0
,nasbench201_10138,5.688,0
,nasbench201_977,4.409,0
,nasbench201_7436,2.826,0
,nasbench201_1386,4.388,0
,nasbench201_8557,4.801,0
,nasbench201_9983,5.580,0
,nasbench201_7117,5.118,0
,nasbench201_10792,4.924,0
,nasbench201_6499,3.174,0
,nasbench201_6058,5.734,0
,nasbench201_9448,4.653,0
,nasbench201_7618,5.667,0
,nasbench201_11638,6.212,0
,nasbench201_10172,5.258,0
,nasbench201_352,4.362,0
,nasbench201_8291,4.322,0
,nasbench201_12117,6.102,0
,nasbench201_14522,3.471,0
,nasbench201_9668,3.961,0
,nasbench201_8847,5.516,0
,nasbench201_12076,5.517,0
,nasbench201_7278,4.500,0
,nasbench201_5225,5.360,0
,nasbench201_7300,5.257,0
,nasbench201_2538,5.641,0
,nasbench201_10321,5.661,0
,nasbench201_11105,5.138,0
,nasbench201_2870,5.048,0
,nasbench201_16,3.946,0
,nasbench201_8768,4.696,0
,nasbench201_3787,4.431,0
,nasbench201_13323,5.669,0
,nasbench201_844,4.201,0
,nasbench201_13672,3.806,0
,nasbench201_2772,5.715,0
,nasbench201_10575,6.285,0
,nasbench201_6497,5.703,0
,nasbench201_10054,4.551,0
,nasbench201_2314,3.792,0
,nasbench201_67,5.561,0
,nasbench201_4927,5.400,0
,nasbench201_6067,5.498,0
,nasbench201_11218,4.482,0
,nasbench201_3259,5.458,0
,nasbench201_1865,4.751,0
,nasbench201_2769,4.244,0
,nasbench201_14429,4.605,0
,nasbench201_7203,4.364,0
,nasbench201_797,2.813,0
,nasbench201_1079,4.072,0
,nasbench201_4954,5.760,0
,nasbench201_3261,3.880,0
,nasbench201_10230,5.713,0
,nasbench201_6835,3.465,0
,nasbench201_681,6.127,0
,nasbench201_11435,2.837,0
,nasbench201_12718,5.528,0
,nasbench201_12542,4.559,0
,nasbench201_202,5.381,0
,nasbench201_1823,2.810,0
,nasbench201_10793,5.319,0
,nasbench201_8618,4.581,0
,nasbench201_1932,5.957,0
,nasbench201_14764,2.829,0
,nasbench201_2500,6.277,0
,nasbench201_4323,4.248,0
,nasbench201_14709,4.950,0
,nasbench201_2566,3.160,0
,nasbench201_3832,4.623,0
,nasbench201_15252,5.275,0
,nasbench201_12598,6.011,0
,nasbench201_13688,5.428,0
,nasbench201_14469,4.591,0
,nasbench201_5463,5.310,0
,nasbench201_5804,4.934,0
,nasbench201_14375,4.582,0
,nasbench201_14669,4.664,0
,nasbench201_4264,4.930,0
,nasbench201_7408,5.934,0
,nasbench201_5596,5.842,0
,nasbench201_915,5.790,0
,nasbench201_7570,5.234,0
,nasbench201_13250,6.210,0
,nasbench201_1162,2.820,0
,nasbench201_11565,3.464,0
,nasbench201_4479,4.853,0
,nasbench201_607,5.165,0
,nasbench201_10036,3.982,0
,nasbench201_9099,3.165,0
,nasbench201_8529,4.751,0
,nasbench201_1167,6.139,0
,nasbench201_11488,5.065,0
,nasbench201_4681,5.843,0
,nasbench201_13532,6.029,0
,nasbench201_12817,4.436,0
,nasbench201_4627,2.825,0
,nasbench201_2209,4.384,0
,nasbench201_1669,4.065,0
,nasbench201_9661,5.017,0
,nasbench201_11290,5.666,0
,nasbench201_5970,5.756,0
,nasbench201_15141,5.289,0
,nasbench201_13137,5.457,0
,nasbench201_14019,6.630,0
,nasbench201_4511,4.998,0
,nasbench201_2011,5.550,0
,nasbench201_285,3.125,0
,nasbench201_13859,4.513,0
,nasbench201_1716,6.068,0
,nasbench201_14294,4.495,0
,nasbench201_9984,4.243,0
,nasbench201_2462,4.713,0
,nasbench201_2136,2.823,0
,nasbench201_5962,3.806,0
,nasbench201_4171,4.650,0
,nasbench201_13279,4.559,0
,nasbench201_3715,6.073,0
,nasbench201_1938,3.451,0
,nasbench201_15461,3.803,0
,nasbench201_8775,4.650,0
,nasbench201_3053,4.741,0
,nasbench201_11825,4.609,0
,nasbench201_12180,3.799,0
,nasbench201_7293,5.730,0
,nasbench201_14686,5.285,0
,nasbench201_3174,5.488,0
,nasbench201_14137,4.581,0
,nasbench201_5525,5.468,0
,nasbench201_12555,3.993,0
,nasbench201_5902,4.547,0
,nasbench201_5976,3.121,0
,nasbench201_10191,4.719,0
,nasbench201_1281,5.337,0
,nasbench201_3986,4.020,0
,nasbench201_5840,4.676,0
,nasbench201_11027,4.184,0
,nasbench201_14145,5.554,0
,nasbench201_1287,4.264,0
,nasbench201_7556,4.576,0
,nasbench201_15041,6.415,0
,nasbench201_5313,4.080,0
,nasbench201_2472,3.958,0
,nasbench201_3046,4.693,0
,nasbench201_2892,3.455,0
,nasbench201_1963,5.837,0
,nasbench201_9997,3.174,0
,nasbench201_3607,5.888,0
,nasbench201_14450,4.619,0
,nasbench201_7235,3.532,0
,nasbench201_8611,4.058,0
,nasbench201_15262,4.599,0
,nasbench201_5059,4.999,0
,nasbench201_13644,4.841,0
,nasbench201_7632,6.444,0
,nasbench201_8002,6.067,0
,nasbench201_6702,5.856,0
,nasbench201_9313,4.424,0
,nasbench201_15076,6.131,0
,nasbench201_6431,3.116,0
,nasbench201_12399,6.377,0
,nasbench201_326,4.782,0
,nasbench201_11443,4.521,0
,nasbench201_301,5.775,0
,nasbench201_2658,4.359,0
,nasbench201_3646,4.309,0
,nasbench201_2075,5.514,0
,nasbench201_5087,4.805,0
,nasbench201_8457,5.455,0
,nasbench201_14174,4.869,0
,nasbench201_9916,4.257,0
,nasbench201_3913,4.395,0
,nasbench201_9972,4.547,0
,nasbench201_8212,6.259,0
,nasbench201_10749,6.480,0
,nasbench201_10902,5.813,0
,nasbench201_15049,5.045,0
,nasbench201_10165,5.241,0
,nasbench201_2807,5.952,0
,nasbench201_1632,4.407,0
,nasbench201_3141,4.853,0
,nasbench201_11557,4.867,0
,nasbench201_8284,5.730,0
,nasbench201_14585,4.992,0
,nasbench201_6186,4.351,0
,nasbench201_4199,3.455,0
,nasbench201_12411,6.117,0
,nasbench201_3045,5.014,0
,nasbench201_11778,4.392,0
,nasbench201_4004,2.818,0
,nasbench201_8134,4.619,0
,nasbench201_7357,3.125,0
,nasbench201_2352,5.778,0
,nasbench201_5505,5.704,0
,nasbench201_707,4.329,0
,nasbench201_15544,3.570,0
,nasbench201_15422,4.320,0
,nasbench201_12270,3.127,0
,nasbench201_9048,5.320,0
,nasbench201_12197,3.535,0
,nasbench201_4641,4.693,0
,nasbench201_8086,5.063,0
,nasbench201_227,4.660,0
,nasbench201_13539,5.674,0
,nasbench201_12016,5.208,0
,nasbench201_8845,3.672,0
,nasbench201_11009,6.025,0
,nasbench201_9819,3.180,0
,nasbench201_15257,4.831,0
,nasbench201_4830,2.824,0
,nasbench201_15452,4.042,0
,nasbench201_8260,4.062,0
,nasbench201_15510,4.764,0
,nasbench201_50,5.212,0
,nasbench201_9618,3.462,0
,nasbench201_12027,5.182,0
,nasbench201_12451,3.178,0
,nasbench201_8851,5.296,0
,nasbench201_14180,5.072,0
,nasbench201_13963,6.298,0
,nasbench201_5823,4.336,0
,nasbench201_8774,3.547,0
,nasbench201_13449,3.546,0
,nasbench201_10658,3.906,0
,nasbench201_12739,5.320,0
,nasbench201_13545,5.674,0
,nasbench201_252,3.459,0
,nasbench201_2102,4.230,0
,nasbench201_10086,4.515,0
,nasbench201_15254,3.463,0
,nasbench201_13398,4.433,0
,nasbench201_9046,5.489,0
,nasbench201_13605,3.926,0
,nasbench201_12075,2.817,0
,nasbench201_8123,4.965,0
,nasbench201_5497,4.932,0
,nasbench201_5553,4.180,0
,nasbench201_8012,6.313,0
,nasbench201_5731,3.155,0
,nasbench201_9274,5.212,0
,nasbench201_1177,5.292,0
,nasbench201_9129,3.458,0
,nasbench201_14703,5.596,0
,nasbench201_6903,6.052,0
,nasbench201_15429,4.214,0
,nasbench201_7273,2.807,0
,nasbench201_11259,4.574,0
,nasbench201_14132,4.688,0
,nasbench201_5202,2.812,0
,nasbench201_12692,6.184,0
,nasbench201_773,3.463,0
,nasbench201_10189,4.625,0
,nasbench201_3304,5.692,0
,nasbench201_2813,3.462,0
,nasbench201_2581,5.298,0
,nasbench201_11439,5.409,0
,nasbench201_13610,5.836,0
,nasbench201_3380,4.879,0
,nasbench201_6039,5.936,0
,nasbench201_6747,3.949,0
,nasbench201_1656,3.234,0
,nasbench201_1069,3.471,0
,nasbench201_15198,5.922,0
,nasbench201_8248,5.423,0
,nasbench201_3558,5.449,0
,nasbench201_56,5.301,0
,nasbench201_5512,5.543,0
,nasbench201_10992,6.219,0
,nasbench201_5876,4.176,0
,nasbench201_7725,4.661,0
,nasbench201_747,4.738,0
,nasbench201_11777,4.943,0
,nasbench201_13778,4.566,0
,nasbench201_6739,5.375,0
,nasbench201_3968,6.264,0
,nasbench201_4244,5.022,0
,nasbench201_5250,3.859,0
,nasbench201_12916,5.513,0
,nasbench201_7619,4.997,0
,nasbench201_11199,4.584,0
,nasbench201_6732,5.210,0
,nasbench201_12456,4.554,0
,nasbench201_1810,4.770,0
,nasbench201_14538,6.334,0
,nasbench201_1277,4.667,0
,nasbench201_3399,4.849,0
,nasbench201_15566,5.043,0
,nasbench201_4192,5.500,0
,nasbench201_11300,2.821,0
,nasbench201_6180,4.652,0
,nasbench201_3745,3.104,0
,nasbench201_2387,5.686,0
,nasbench201_3982,4.002,0
,nasbench201_9692,4.963,0
,nasbench201_5916,4.732,0
,nasbench201_6696,4.218,0
,nasbench201_7906,5.962,0
,nasbench201_12759,5.617,0
,nasbench201_8752,3.449,0
,nasbench201_11155,3.982,0
,nasbench201_12811,5.611,0
,nasbench201_7603,6.081,0
,nasbench201_7665,4.422,0
,nasbench201_1105,3.458,0
,nasbench201_13301,3.804,0
,nasbench201_9080,4.976,0
,nasbench201_15459,2.824,0
,nasbench201_9495,4.902,0
,nasbench201_14603,2.825,0
,nasbench201_11344,4.953,0
,nasbench201_5584,5.170,0
,nasbench201_13801,4.889,0
,nasbench201_4510,4.535,0
,nasbench201_10995,3.447,0
,nasbench201_8074,6.121,0
,nasbench201_6271,5.439,0
,nasbench201_10896,5.392,0
,nasbench201_1346,5.695,0
,nasbench201_938,6.228,0
,nasbench201_11372,5.788,0
,nasbench201_14443,4.530,0
,nasbench201_3263,5.529,0
,nasbench201_7064,5.989,0
,nasbench201_3927,3.186,0
,nasbench201_2254,3.160,0
,nasbench201_575,5.410,0
,nasbench201_1255,3.457,0
,nasbench201_11022,4.702,0
,nasbench201_3385,4.954,0
,nasbench201_153,4.820,0
,nasbench201_10233,4.644,0
,nasbench201_2210,5.465,0
,nasbench201_9548,6.008,0
,nasbench201_12574,4.529,0
,nasbench201_355,2.838,0
,nasbench201_13295,6.157,0
,nasbench201_7860,4.706,0
,nasbench201_9941,4.579,0
,nasbench201_7482,3.976,0
,nasbench201_11471,4.244,0
,nasbench201_2197,3.467,0
,nasbench201_6676,6.161,0
,nasbench201_6192,5.662,0
,nasbench201_13879,5.295,0
,nasbench201_10063,5.936,0
,nasbench201_3062,4.300,0
,nasbench201_11253,5.071,0
,nasbench201_2982,5.763,0
,nasbench201_1941,5.108,0
,nasbench201_551,5.042,0
,nasbench201_12125,4.158,0
,nasbench201_3767,6.175,0
,nasbench201_11097,6.717,0
,nasbench201_11401,5.099,0
,nasbench201_10412,3.639,0
,nasbench201_6170,4.677,0
,nasbench201_6209,5.115,0
,nasbench201_11769,3.852,0
,nasbench201_6651,4.418,0
,nasbench201_5539,3.167,0
,nasbench201_5820,5.465,0
,nasbench201_11465,4.631,0
,nasbench201_14917,5.828,0
,nasbench201_2547,4.351,0
,nasbench201_10564,3.113,0
,nasbench201_6891,4.883,0
,nasbench201_13374,5.303,0
,nasbench201_6269,3.480,0
,nasbench201_12043,4.241,0
,nasbench201_12491,5.344,0
,nasbench201_9106,5.975,0
,nasbench201_1729,5.197,0
,nasbench201_2167,4.666,0
,nasbench201_129,5.410,0
,nasbench201_2578,3.636,0
,nasbench201_439,4.920,0
,nasbench201_109,5.046,0
,nasbench201_11915,6.346,0
,nasbench201_12045,5.848,0
,nasbench201_378,5.696,0
,nasbench201_959,4.110,0
,nasbench201_14139,5.317,0
,nasbench201_8276,2.823,0
,nasbench201_11412,6.655,0
,nasbench201_11584,5.203,0
,nasbench201_8875,4.822,0
,nasbench201_1046,4.664,0
,nasbench201_11296,6.121,0
,nasbench201_3581,4.791,0
,nasbench201_7031,2.826,0
,nasbench201_7023,4.042,0
,nasbench201_10948,4.596,0
,nasbench201_6412,2.821,0
,nasbench201_14224,5.841,0
,nasbench201_4032,3.190,0
,nasbench201_11254,4.565,0
,nasbench201_12476,4.594,0
,nasbench201_5353,4.226,0
,nasbench201_4415,3.451,0
,nasbench201_12218,5.192,0
,nasbench201_10436,6.091,0
,nasbench201_15603,5.183,0
,nasbench201_15424,5.683,0
,nasbench201_4361,4.605,0
,nasbench201_14381,5.431,0
,nasbench201_1332,3.451,0
,nasbench201_2217,5.115,0
,nasbench201_11722,4.917,0
,nasbench201_14640,5.336,0
,nasbench201_4105,3.118,0
,nasbench201_13981,5.365,0
,nasbench201_2978,6.070,0
,nasbench201_6330,3.686,0
,nasbench201_9968,5.949,0
,nasbench201_11564,3.164,0
,nasbench201_647,5.653,0
,nasbench201_6679,5.244,0
,nasbench201_7963,6.454,0
,nasbench201_10521,3.537,0
,nasbench201_9685,5.936,0
,nasbench201_9477,6.223,0
,nasbench201_910,3.791,0
,nasbench201_9753,4.269,0
,nasbench201_14742,4.915,0
,nasbench201_5883,4.314,0
,nasbench201_11418,3.451,0
,nasbench201_12520,3.790,0
,nasbench201_3580,4.897,0
,nasbench201_8008,2.823,0
,nasbench201_13112,4.601,0
,nasbench201_13583,4.665,0
,nasbench201_3348,4.647,0
,nasbench201_13627,4.491,0
,nasbench201_81,5.260,0
,nasbench201_6655,3.826,0
,nasbench201_3907,3.169,0
,nasbench201_1530,5.325,0
,nasbench201_6717,3.464,0
,nasbench201_12839,5.338,0
,nasbench201_5424,3.762,0
,nasbench201_497,4.265,0
,nasbench201_3487,2.825,0
,nasbench201_7775,4.244,0
,nasbench201_702,4.965,0
,nasbench201_14655,3.133,0
,nasbench201_7313,5.468,0
,nasbench201_6563,5.560,0
,nasbench201_14517,4.843,0
,nasbench201_13591,5.696,0
,nasbench201_14972,4.140,0
,nasbench201_3642,3.927,0
,nasbench201_7877,4.274,0
,nasbench201_12525,5.551,0
,nasbench201_2006,3.800,0
,nasbench201_12799,4.591,0
,nasbench201_11853,4.761,0
,nasbench201_15456,4.807,0
,nasbench201_1154,3.530,0
,nasbench201_2570,5.077,0
,nasbench201_8415,3.454,0
,nasbench201_5471,4.924,0
,nasbench201_11705,3.812,0
,nasbench201_15175,4.983,0
,nasbench201_5887,6.199,0
,nasbench201_7615,4.093,0
,nasbench201_9288,5.542,0
,nasbench201_6452,4.152,0
,nasbench201_1084,4.055,0
,nasbench201_14251,3.458,0
,nasbench201_11288,4.414,0
,nasbench201_1840,5.498,0
,nasbench201_4133,6.247,0
,nasbench201_14217,5.508,0
,nasbench201_14891,3.458,0
,nasbench201_295,3.169,0
,nasbench201_14958,5.654,0
,nasbench201_8877,5.379,0
,nasbench201_9325,4.787,0
,nasbench201_11271,4.609,0
,nasbench201_5402,3.798,0
,nasbench201_10572,5.685,0
,nasbench201_4354,5.057,0
,nasbench201_9899,4.811,0
,nasbench201_1160,6.416,0
,nasbench201_11146,5.064,0
,nasbench201_6880,3.114,0
,nasbench201_15567,3.166,0
,nasbench201_6544,5.090,0
,nasbench201_13109,6.024,0
,nasbench201_9233,2.828,0
,nasbench201_1275,5.841,0
,nasbench201_4745,4.669,0
,nasbench201_4589,3.452,0
,nasbench201_10395,4.589,0
,nasbench201_13330,4.183,0
,nasbench201_10154,4.646,0
,nasbench201_13594,4.868,0
,nasbench201_3771,6.320,0
,nasbench201_4601,3.460,0
,nasbench201_6265,5.244,0
,nasbench201_244,5.109,0
,nasbench201_2324,3.929,0
,nasbench201_11733,4.946,0
,nasbench201_7176,6.199,0
,nasbench201_6687,5.512,0
,nasbench201_10654,6.130,0
,nasbench201_14983,4.379,0
,nasbench201_13640,5.267,0
,nasbench201_4228,4.874,0
,nasbench201_4585,4.895,0
,nasbench201_4579,4.044,0
,nasbench201_1237,4.931,0
,nasbench201_12005,5.787,0
,nasbench201_2307,4.263,0
,nasbench201_137,5.077,0
,nasbench201_4638,4.119,0
,nasbench201_13450,5.949,0
,nasbench201_491,4.574,0
,nasbench201_7489,5.090,0
,nasbench201_3428,3.451,0
,nasbench201_6267,5.734,0
,nasbench201_3695,4.742,0
,nasbench201_11237,5.547,0
,nasbench201_14253,4.321,0
,nasbench201_2616,3.114,0
,nasbench201_15166,4.850,0
,nasbench201_10188,2.825,0
,nasbench201_3920,4.891,0
,nasbench201_6119,5.145,0
,nasbench201_2320,4.641,0
,nasbench201_12946,3.781,0
,nasbench201_5069,6.044,0
,nasbench201_13166,3.186,0
,nasbench201_5557,5.077,0
,nasbench201_9635,4.571,0
,nasbench201_2676,4.281,0
,nasbench201_13451,5.852,0
,nasbench201_577,2.838,0
,nasbench201_9034,3.475,0
,nasbench201_1,5.566,0
,nasbench201_3598,3.969,0
,nasbench201_1856,5.868,0
,nasbench201_13039,4.847,0
,nasbench201_11294,5.194,0
,nasbench201_9778,4.467,0
,nasbench201_10607,3.987,0
,nasbench201_14118,5.268,0
,nasbench201_9138,5.992,0
,nasbench201_12650,5.493,0
,nasbench201_4974,4.528,0
,nasbench201_5568,5.528,0
,nasbench201_12627,3.758,0
,nasbench201_1792,4.929,0
,nasbench201_9375,3.538,0
,nasbench201_4800,4.485,0
,nasbench201_13239,2.821,0
,nasbench201_571,5.455,0
,nasbench201_8725,5.135,0
,nasbench201_3147,5.237,0
,nasbench201_11472,3.163,0
,nasbench201_14039,5.552,0
,nasbench201_1462,6.668,0
,nasbench201_15559,5.098,0
,nasbench201_12724,5.177,0
,nasbench201_13803,5.179,0
,nasbench201_2519,5.986,0
,nasbench201_8616,6.359,0
,nasbench201_14272,5.088,0
,nasbench201_5778,5.781,0
,nasbench201_5646,2.830,0
,nasbench201_14792,2.814,0
,nasbench201_13741,5.742,0
,nasbench201_7294,6.193,0
,nasbench201_5563,6.411,0
,nasbench201_8592,4.533,0
,nasbench201_11882,5.756,0
,nasbench201_6006,4.948,0
,nasbench201_3439,5.162,0
,nasbench201_1173,5.864,0
,nasbench201_3474,3.674,0
,nasbench201_2224,4.739,0
,nasbench201_14331,5.335,0
,nasbench201_13422,3.544,0
,nasbench201_5120,4.481,0
,nasbench201_13417,4.369,0
,nasbench201_7060,3.793,0
,nasbench201_7726,5.995,0
,nasbench201_15089,5.414,0
,nasbench201_692,3.933,0
,nasbench201_10573,5.950,0
,nasbench201_6593,3.804,0
,nasbench201_12015,5.453,0
,nasbench201_7129,5.582,0
,nasbench201_10004,3.802,0
,nasbench201_10593,5.577,0
,nasbench201_2507,3.800,0
,nasbench201_14887,5.406,0
,nasbench201_14434,3.789,0
,nasbench201_9869,5.055,0
,nasbench201_1970,3.481,0
,nasbench201_12464,4.925,0
,nasbench201_9315,5.660,0
,nasbench201_9817,3.166,0
,nasbench201_14046,5.168,0
,nasbench201_8399,6.436,0
,nasbench201_6116,5.663,0
,nasbench201_5886,5.340,0
,nasbench201_4698,4.398,0
,nasbench201_15128,5.894,0
,nasbench201_6830,3.170,0
,nasbench201_6993,4.257,0
,nasbench201_212,3.458,0
,nasbench201_14693,5.192,0
,nasbench201_14900,5.078,0
,nasbench201_12576,5.432,0
,nasbench201_4351,3.456,0
,nasbench201_9359,3.800,0
,nasbench201_9749,5.582,0
,nasbench201_8166,5.083,0
,nasbench201_15362,6.064,0
,nasbench201_12280,4.578,0
,nasbench201_10598,6.432,0
,nasbench201_10428,4.477,0
,nasbench201_12549,3.990,0
,nasbench201_15146,5.635,0
,nasbench201_14016,6.111,0
,nasbench201_9729,3.535,0
,nasbench201_10231,5.759,0
,nasbench201_4893,3.796,0
,nasbench201_10603,4.318,0
,nasbench201_13225,4.098,0
,nasbench201_4572,4.569,0
,nasbench201_12677,5.999,0
,nasbench201_7363,5.743,0
,nasbench201_6126,4.285,0
,nasbench201_7430,4.888,0
,nasbench201_7555,5.331,0
,nasbench201_4945,5.501,0
,nasbench201_8216,4.899,0
,nasbench201_5315,6.416,0
,nasbench201_69,3.165,0
,nasbench201_11792,4.940,0
,nasbench201_8900,4.815,0
,nasbench201_11456,4.813,0
,nasbench201_12432,4.739,0
,nasbench201_13277,5.053,0
,nasbench201_13809,4.565,0
,nasbench201_12577,4.166,0
,nasbench201_3119,6.198,0
,nasbench201_4588,4.584,0
,nasbench201_3931,5.766,0
,nasbench201_9992,4.630,0
,nasbench201_1035,2.812,0
,nasbench201_15092,4.853,0
,nasbench201_3625,3.999,0
,nasbench201_9436,6.406,0
,nasbench201_15258,4.277,0
,nasbench201_1425,4.584,0
,nasbench201_11366,4.528,0
,nasbench201_15605,2.835,0
,nasbench201_2603,3.124,0
,nasbench201_12362,5.352,0
,nasbench201_6980,3.456,0
,nasbench201_13863,3.875,0
,nasbench201_1024,5.823,0
,nasbench201_12099,5.617,0
,nasbench201_2704,5.450,0
,nasbench201_14480,6.396,0
,nasbench201_10168,4.774,0
,nasbench201_6886,4.399,0
,nasbench201_11128,4.457,0
,nasbench201_8601,3.940,0
,nasbench201_8624,4.968,0
,nasbench201_6840,5.238,0
,nasbench201_14859,5.594,0
,nasbench201_1527,4.951,0
,nasbench201_2532,3.451,0
,nasbench201_14140,4.376,0
,nasbench201_6584,4.252,0
,nasbench201_12690,4.758,0
,nasbench201_5749,5.143,0
,nasbench201_13402,5.135,0
,nasbench201_15622,4.326,0
,nasbench201_15090,4.265,0
,nasbench201_14714,4.880,0
,nasbench201_11270,3.162,0
,nasbench201_15554,3.457,0
,nasbench201_6505,4.770,0
,nasbench201_6483,3.703,0
,nasbench201_7989,4.399,0
,nasbench201_593,3.860,0
,nasbench201_13528,6.038,0
,nasbench201_2553,3.794,0
,nasbench201_10073,6.218,0
,nasbench201_9930,5.521,0
,nasbench201_6582,3.122,0
,nasbench201_14268,3.120,0
,nasbench201_5718,4.559,0
,nasbench201_7712,4.497,0
,nasbench201_8532,4.697,0
,nasbench201_2875,3.791,0
,nasbench201_6022,5.200,0
,nasbench201_7384,5.511,0
,nasbench201_11298,4.738,0
,nasbench201_572,3.625,0
,nasbench201_7912,3.464,0
,nasbench201_9272,5.502,0
,nasbench201_3990,4.647,0
,nasbench201_7189,2.824,0
,nasbench201_13991,5.300,0
,nasbench201_322,3.692,0
,nasbench201_411,3.491,0
,nasbench201_8387,3.466,0
,nasbench201_13843,5.792,0
,nasbench201_12518,4.285,0
,nasbench201_13609,4.600,0
,nasbench201_8610,3.764,0
,nasbench201_15421,4.261,0
,nasbench201_3621,6.023,0
,nasbench201_10703,4.061,0
,nasbench201_3192,4.900,0
,nasbench201_4201,4.248,0
,nasbench201_14740,3.454,0
,nasbench201_10552,4.165,0
,nasbench201_8824,3.457,0
,nasbench201_11796,3.500,0
,nasbench201_8621,4.861,0
,nasbench201_13326,5.800,0
,nasbench201_430,3.447,0
,nasbench201_2899,3.127,0
,nasbench201_2629,4.472,0
,nasbench201_8849,5.850,0
,nasbench201_3424,5.401,0
,nasbench201_10279,5.298,0
,nasbench201_1114,3.154,0
,nasbench201_4513,5.698,0
,nasbench201_12606,6.048,0
,nasbench201_5115,6.090,0
,nasbench201_8406,4.968,0
,nasbench201_4237,5.409,0
,nasbench201_5776,3.172,0
,nasbench201_133,4.483,0
,nasbench201_14468,5.220,0
,nasbench201_13926,4.167,0
,nasbench201_2804,3.454,0
,nasbench201_7420,4.063,0
,nasbench201_4631,4.381,0
,nasbench201_13654,3.811,0
,nasbench201_12164,3.527,0
,nasbench201_8852,4.478,0
,nasbench201_9656,5.146,0
,nasbench201_2246,5.733,0
,nasbench201_2650,2.824,0
,nasbench201_1027,4.831,0
,nasbench201_12156,5.808,0
,nasbench201_11226,4.504,0
,nasbench201_13551,4.645,0
,nasbench201_8561,4.235,0
,nasbench201_14499,4.560,0
,nasbench201_3361,5.193,0
,nasbench201_7855,5.598,0
,nasbench201_4232,5.389,0
,nasbench201_1965,5.074,0
,nasbench201_9851,4.854,0
,nasbench201_6304,4.652,0
,nasbench201_2187,4.249,0
,nasbench201_2904,2.825,0
,nasbench201_8194,5.248,0
,nasbench201_708,4.627,0
,nasbench201_4389,3.526,0
,nasbench201_11019,4.442,0
,nasbench201_2162,4.909,0
,nasbench201_539,5.736,0
,nasbench201_2066,5.420,0
,nasbench201_7844,5.939,0
,nasbench201_6489,4.786,0
,nasbench201_1564,3.948,0
,nasbench201_11614,5.509,0
,nasbench201_3934,4.823,0
,nasbench201_1414,6.317,0
,nasbench201_4853,4.349,0
,nasbench201_12572,4.319,0
,nasbench201_6923,5.741,0
,nasbench201_5186,5.330,0
,nasbench201_6396,3.466,0
,nasbench201_6540,4.874,0
,nasbench201_11309,4.157,0
,nasbench201_6419,2.819,0
,nasbench201_11900,5.221,0
,nasbench201_13194,4.218,0
,nasbench201_3491,2.834,0
,nasbench201_3486,4.496,0
,nasbench201_11123,5.435,0
,nasbench201_648,6.651,0
,nasbench201_13436,4.279,0
,nasbench201_13171,4.319,0
,nasbench201_14842,3.777,0
,nasbench201_699,4.523,0
,nasbench201_688,5.739,0
,nasbench201_14432,5.062,0
,nasbench201_10476,4.994,0
,nasbench201_2018,4.974,0
,nasbench201_10733,4.737,0
,nasbench201_15529,5.982,0
,nasbench201_9903,5.175,0
,nasbench201_4114,5.184,0
,nasbench201_9487,4.726,0
,nasbench201_652,4.965,0
,nasbench201_2934,5.746,0
,nasbench201_13180,6.152,0
,nasbench201_10844,4.325,0
,nasbench201_15446,5.218,0
,nasbench201_10087,5.326,0
,nasbench201_5108,5.485,0
,nasbench201_14359,3.462,0
,nasbench201_10911,3.123,0
,nasbench201_219,2.821,0
,nasbench201_4843,4.411,0
,nasbench201_5989,3.326,0
,nasbench201_1927,5.316,0
,nasbench201_15186,6.384,0
,nasbench201_14547,6.038,0
,nasbench201_6231,4.763,0
,nasbench201_10310,3.806,0
,nasbench201_4604,3.458,0
,nasbench201_9620,3.453,0
,nasbench201_1406,3.817,0
,nasbench201_12919,5.836,0
,nasbench201_165,3.541,0
,nasbench201_9908,4.951,0
,nasbench201_3803,5.239,0
,nasbench201_12469,3.804,0
,nasbench201_13352,3.708,0
,nasbench201_13393,4.312,0
,nasbench201_7964,3.457,0
,nasbench201_4521,4.703,0
,nasbench201_15604,3.453,0
,nasbench201_14125,5.208,0
,nasbench201_11797,5.151,0
,nasbench201_8159,4.595,0
,nasbench201_13869,4.259,0
,nasbench201_5576,4.335,0
,nasbench201_5282,3.797,0
,nasbench201_12530,3.496,0
,nasbench201_11973,2.817,0
,nasbench201_5204,4.859,0
,nasbench201_10752,5.720,0
,nasbench201_695,4.341,0
,nasbench201_8052,4.846,0
,nasbench201_13503,4.659,0
,nasbench201_14418,5.970,0
,nasbench201_7405,3.458,0
,nasbench201_2282,4.501,0
,nasbench201_6802,5.977,0
,nasbench201_6111,5.456,0
,nasbench201_5556,2.821,0
,nasbench201_5292,5.270,0
,nasbench201_13925,4.656,0
,nasbench201_9273,4.943,0
,nasbench201_9572,5.618,0
,nasbench201_2272,4.311,0
,nasbench201_1252,5.530,0
,nasbench201_7337,5.834,0
,nasbench201_7749,3.456,0
,nasbench201_10217,4.738,0
,nasbench201_852,5.156,0
,nasbench201_1619,4.887,0
,nasbench201_3237,4.764,0
,nasbench201_15299,4.936,0
,nasbench201_7114,4.714,0
,nasbench201_6057,4.669,0
,nasbench201_9302,5.661,0
,nasbench201_12251,4.136,0
,nasbench201_2795,5.609,0
,nasbench201_2786,5.219,0
,nasbench201_9902,5.914,0
,nasbench201_11823,5.453,0
,nasbench201_3254,4.965,0
,nasbench201_5898,4.264,0
,nasbench201_10861,6.185,0
,nasbench201_8683,3.109,0
,nasbench201_12349,4.144,0
,nasbench201_10046,4.579,0
,nasbench201_7843,4.665,0
,nasbench201_2943,3.789,0
,nasbench201_4050,5.934,0
,nasbench201_7874,4.033,0
,nasbench201_13162,5.223,0
,nasbench201_4747,4.958,0
,nasbench201_1360,4.231,0
,nasbench201_10779,5.571,0
,nasbench201_4892,4.750,0
,nasbench201_8463,6.269,0
,nasbench201_4102,3.795,0
,nasbench201_12617,4.235,0
,nasbench201_9612,5.298,0
,nasbench201_13818,4.606,0
,nasbench201_2701,6.043,0
,nasbench201_203,5.174,0
,nasbench201_14735,5.850,0
,nasbench201_6693,5.706,0
,nasbench201_15281,4.995,0
,nasbench201_6703,3.450,0
,nasbench201_4536,3.796,0
,nasbench201_14152,5.611,0
,nasbench201_13922,4.647,0
,nasbench201_12501,4.888,0
,nasbench201_4797,3.780,0
,nasbench201_1446,3.461,0
,nasbench201_2227,3.788,0
,nasbench201_13403,6.362,0
,nasbench201_689,4.316,0
