,shufflenetv2_400,29.848,0
,shufflenetv2_444,35.330,0
,shufflenetv2_395,27.614,0
,shufflenetv2_1547,27.790,0
,shufflenetv2_1532,27.024,0
,shufflenetv2_1148,34.134,0
,shufflenetv2_1019,33.928,0
,shufflenetv2_1363,37.841,0
,shufflenetv2_1591,27.930,0
,shufflenetv2_997,28.913,0
,shufflenetv2_61,29.572,0
,shufflenetv2_613,29.511,0
,shufflenetv2_824,34.079,0
,shufflenetv2_228,31.812,0
,shufflenetv2_1119,31.215,0
,shufflenetv2_1851,34.273,0
,shufflenetv2_1915,34.157,0
,shufflenetv2_195,33.779,0
,shufflenetv2_1978,27.048,0
,shufflenetv2_1537,29.259,0
,shufflenetv2_1606,30.493,0
,shufflenetv2_1376,23.808,0
,shufflenetv2_309,25.533,0
,shufflenetv2_931,35.927,0
,shufflenetv2_1884,33.913,0
,shufflenetv2_1250,34.049,0
,shufflenetv2_374,28.362,0
,shufflenetv2_1138,32.019,0
,shufflenetv2_127,31.335,0
,shufflenetv2_1356,31.271,0
,shufflenetv2_1582,31.458,0
,shufflenetv2_1657,31.371,0
,shufflenetv2_1052,29.302,0
,shufflenetv2_1053,27.731,0
,shufflenetv2_495,28.087,0
,shufflenetv2_359,30.107,0
,shufflenetv2_1367,25.023,0
,shufflenetv2_207,26.337,0
,shufflenetv2_1461,28.847,0
,shufflenetv2_1072,35.544,0
,shufflenetv2_811,30.616,0
,shufflenetv2_1648,28.639,0
,shufflenetv2_314,29.203,0
,shufflenetv2_1457,34.183,0
,shufflenetv2_1371,34.439,0
,shufflenetv2_1880,35.315,0
,shufflenetv2_618,27.035,0
,shufflenetv2_569,33.181,0
,shufflenetv2_1153,27.188,0
,shufflenetv2_367,30.244,0
,shufflenetv2_843,34.387,0
,shufflenetv2_1654,28.710,0
,shufflenetv2_1305,31.758,0
,shufflenetv2_128,32.102,0
,shufflenetv2_1279,29.924,0
,shufflenetv2_867,33.384,0
,shufflenetv2_1015,33.754,0
,shufflenetv2_21,31.542,0
,shufflenetv2_982,28.326,0
,shufflenetv2_1580,25.121,0
,shufflenetv2_964,29.520,0
,shufflenetv2_450,28.767,0
,shufflenetv2_702,28.432,0
,shufflenetv2_447,37.530,0
,shufflenetv2_1503,27.465,0
,shufflenetv2_667,29.842,0
,shufflenetv2_1420,28.710,0
,shufflenetv2_1844,31.568,0
,shufflenetv2_775,36.095,0
,shufflenetv2_1665,36.512,0
,shufflenetv2_1611,29.685,0
,shufflenetv2_947,29.915,0
,shufflenetv2_1477,28.939,0
,shufflenetv2_990,30.955,0
,shufflenetv2_1130,23.388,0
,shufflenetv2_1720,36.769,0
,shufflenetv2_1381,30.956,0
,shufflenetv2_1227,37.960,0
,shufflenetv2_752,30.711,0
,shufflenetv2_73,29.075,0
,shufflenetv2_945,31.592,0
,shufflenetv2_577,28.398,0
,shufflenetv2_791,35.201,0
,shufflenetv2_1254,25.659,0
,shufflenetv2_1287,34.547,0
,shufflenetv2_179,29.042,0
,shufflenetv2_923,29.360,0
,shufflenetv2_1289,27.534,0
,shufflenetv2_1730,26.788,0
,shufflenetv2_1546,33.368,0
,shufflenetv2_682,35.737,0
,shufflenetv2_454,27.881,0
,shufflenetv2_616,34.322,0
,shufflenetv2_1509,29.154,0
,shufflenetv2_1756,35.082,0
,shufflenetv2_640,29.505,0
,shufflenetv2_1414,27.626,0
,shufflenetv2_887,31.758,0
,shufflenetv2_306,30.065,0
,shufflenetv2_1166,31.642,0
,shufflenetv2_1197,30.862,0
,shufflenetv2_1007,32.956,0
,shufflenetv2_1270,33.259,0
,shufflenetv2_108,26.972,0
,shufflenetv2_554,30.858,0
,shufflenetv2_9,31.737,0
,shufflenetv2_1768,29.177,0
,shufflenetv2_312,29.328,0
,shufflenetv2_746,26.723,0
,shufflenetv2_1419,32.903,0
,shufflenetv2_1898,32.390,0
,shufflenetv2_535,26.506,0
,shufflenetv2_158,26.765,0
,shufflenetv2_620,32.410,0
,shufflenetv2_352,32.928,0
,shufflenetv2_614,31.847,0
,shufflenetv2_1543,32.200,0
,shufflenetv2_1553,31.647,0
,shufflenetv2_1063,29.230,0
,shufflenetv2_1398,27.674,0
,shufflenetv2_1001,29.496,0
,shufflenetv2_448,35.980,0
,shufflenetv2_952,26.331,0
,shufflenetv2_813,29.174,0
,shufflenetv2_1486,28.875,0
,shufflenetv2_1968,30.826,0
,shufflenetv2_63,33.768,0
,shufflenetv2_1798,34.671,0
,shufflenetv2_711,33.117,0
,shufflenetv2_40,27.705,0
,shufflenetv2_1639,28.237,0
,shufflenetv2_617,27.933,0
,shufflenetv2_1979,30.303,0
,shufflenetv2_364,25.161,0
,shufflenetv2_937,26.976,0
,shufflenetv2_197,37.985,0
,shufflenetv2_431,22.659,0
,shufflenetv2_1818,31.129,0
,shufflenetv2_5,33.669,0
,shufflenetv2_666,25.459,0
,shufflenetv2_1235,27.686,0
,shufflenetv2_1664,26.692,0
,shufflenetv2_858,35.483,0
,shufflenetv2_472,28.685,0
,shufflenetv2_567,36.040,0
,shufflenetv2_1616,28.398,0
,shufflenetv2_389,26.809,0
,shufflenetv2_1518,27.054,0
,shufflenetv2_1577,33.599,0
,shufflenetv2_1928,32.310,0
,shufflenetv2_1990,28.096,0
,shufflenetv2_624,35.141,0
,shufflenetv2_1459,30.290,0
,shufflenetv2_245,31.917,0
,shufflenetv2_45,32.860,0
,shufflenetv2_530,27.878,0
,shufflenetv2_591,33.056,0
,shufflenetv2_1815,29.631,0
,shufflenetv2_1866,26.671,0
,shufflenetv2_678,27.335,0
,shufflenetv2_1752,34.521,0
,shufflenetv2_224,36.729,0
,shufflenetv2_1695,29.089,0
,shufflenetv2_1697,30.406,0
,shufflenetv2_439,29.606,0
,shufflenetv2_1384,31.236,0
,shufflenetv2_794,28.956,0
,shufflenetv2_425,26.777,0
,shufflenetv2_267,25.918,0
,shufflenetv2_1748,28.654,0
,shufflenetv2_1828,28.787,0
,shufflenetv2_115,29.929,0
,shufflenetv2_1238,35.987,0
,shufflenetv2_968,38.252,0
,shufflenetv2_1210,36.829,0
,shufflenetv2_202,26.713,0
,shufflenetv2_1581,32.574,0
,shufflenetv2_147,33.108,0
,shufflenetv2_905,27.511,0
,shufflenetv2_470,32.040,0
,shufflenetv2_1531,34.273,0
,shufflenetv2_652,26.583,0
,shufflenetv2_1129,32.095,0
,shufflenetv2_1926,33.123,0
,shufflenetv2_602,28.646,0
,shufflenetv2_851,32.387,0
,shufflenetv2_229,30.691,0
,shufflenetv2_1827,28.938,0
,shufflenetv2_1687,28.558,0
,shufflenetv2_122,31.955,0
,shufflenetv2_609,31.325,0
,shufflenetv2_1501,30.079,0
,shufflenetv2_1097,26.897,0
,shufflenetv2_525,29.117,0
,shufflenetv2_689,32.668,0
,shufflenetv2_732,33.881,0
,shufflenetv2_978,30.125,0
,shufflenetv2_327,38.014,0
,shufflenetv2_1277,33.088,0
,shufflenetv2_260,26.887,0
,shufflenetv2_699,27.723,0
,shufflenetv2_1137,39.911,0
,shufflenetv2_1803,30.278,0
,shufflenetv2_877,36.607,0
,shufflenetv2_1502,31.363,0
,shufflenetv2_271,35.646,0
,shufflenetv2_1338,26.728,0
,shufflenetv2_1617,33.193,0
,shufflenetv2_154,33.431,0
,shufflenetv2_940,37.149,0
,shufflenetv2_302,30.506,0
,shufflenetv2_498,28.197,0
,shufflenetv2_341,28.561,0
,shufflenetv2_155,37.964,0
,shufflenetv2_1216,29.173,0
,shufflenetv2_1592,34.735,0
,shufflenetv2_1888,36.558,0
,shufflenetv2_900,37.548,0
,shufflenetv2_1728,33.874,0
,shufflenetv2_1784,34.305,0
,shufflenetv2_1155,33.146,0
,shufflenetv2_1923,29.777,0
,shufflenetv2_587,27.741,0
,shufflenetv2_1326,31.086,0
,shufflenetv2_1189,32.861,0
,shufflenetv2_277,32.343,0
,shufflenetv2_895,28.910,0
,shufflenetv2_307,30.684,0
,shufflenetv2_903,30.688,0
,shufflenetv2_938,30.084,0
,shufflenetv2_1022,25.914,0
,shufflenetv2_256,31.931,0
,shufflenetv2_526,26.759,0
,shufflenetv2_1221,29.747,0
,shufflenetv2_1196,29.796,0
,shufflenetv2_871,30.155,0
,shufflenetv2_1173,26.408,0
,shufflenetv2_249,31.198,0
,shufflenetv2_1452,33.829,0
,shufflenetv2_1643,26.830,0
,shufflenetv2_1239,37.545,0
,shufflenetv2_1863,32.126,0
,shufflenetv2_1474,30.363,0
,shufflenetv2_319,27.249,0
,shufflenetv2_233,28.825,0
,shufflenetv2_152,29.631,0
,shufflenetv2_1208,35.623,0
,shufflenetv2_129,35.010,0
,shufflenetv2_47,29.579,0
,shufflenetv2_1051,28.803,0
,shufflenetv2_1676,31.267,0
,shufflenetv2_777,37.912,0
,shufflenetv2_1589,30.405,0
,shufflenetv2_278,35.597,0
,shufflenetv2_1142,29.485,0
,shufflenetv2_533,29.049,0
,shufflenetv2_1276,28.614,0
,shufflenetv2_192,36.132,0
,shufflenetv2_461,30.337,0
,shufflenetv2_955,32.030,0
,shufflenetv2_1324,37.017,0
,shufflenetv2_1706,32.064,0
,shufflenetv2_830,33.402,0
,shufflenetv2_1811,35.972,0
,shufflenetv2_157,26.546,0
,shufflenetv2_731,31.778,0
,shufflenetv2_1202,24.967,0
,shufflenetv2_684,34.318,0
,shufflenetv2_778,28.767,0
,shufflenetv2_1317,27.946,0
,shufflenetv2_1512,29.079,0
,shufflenetv2_767,34.348,0
,shufflenetv2_1524,26.165,0
,shufflenetv2_661,27.947,0
,shufflenetv2_1402,36.662,0
,shufflenetv2_379,31.299,0
,shufflenetv2_1585,32.460,0
,shufflenetv2_825,25.767,0
,shufflenetv2_225,32.880,0
,shufflenetv2_1160,40.803,0
,shufflenetv2_1413,28.112,0
,shufflenetv2_135,28.568,0
,shufflenetv2_1280,28.154,0
,shufflenetv2_1778,30.143,0
,shufflenetv2_315,28.460,0
,shufflenetv2_134,25.322,0
,shufflenetv2_1837,30.304,0
,shufflenetv2_436,27.833,0
,shufflenetv2_1135,31.423,0
,shufflenetv2_1364,26.331,0
,shufflenetv2_1792,27.494,0
,shufflenetv2_255,34.992,0
,shufflenetv2_1151,29.063,0
,shufflenetv2_396,31.774,0
,shufflenetv2_1207,34.134,0
,shufflenetv2_1871,24.483,0
,shufflenetv2_885,28.153,0
,shufflenetv2_1813,29.167,0
,shufflenetv2_1294,31.603,0
,shufflenetv2_123,31.822,0
,shufflenetv2_1838,32.464,0
,shufflenetv2_1070,32.601,0
,shufflenetv2_516,28.780,0
,shufflenetv2_1400,25.117,0
,shufflenetv2_1172,32.975,0
,shufflenetv2_1315,30.869,0
,shufflenetv2_1150,29.796,0
,shufflenetv2_1206,39.193,0
,shufflenetv2_979,28.411,0
,shufflenetv2_208,29.938,0
,shufflenetv2_1080,26.547,0
,shufflenetv2_156,24.955,0
,shufflenetv2_1211,32.162,0
,shufflenetv2_1268,28.543,0
,shufflenetv2_600,28.823,0
,shufflenetv2_553,32.001,0
,shufflenetv2_1264,32.650,0
,shufflenetv2_1435,23.981,0
,shufflenetv2_272,30.833,0
,shufflenetv2_1026,29.353,0
,shufflenetv2_1840,27.218,0
,shufflenetv2_704,35.027,0
,shufflenetv2_42,27.542,0
,shufflenetv2_1370,29.314,0
,shufflenetv2_1749,25.838,0
,shufflenetv2_718,31.081,0
,shufflenetv2_74,37.994,0
,shufflenetv2_308,33.701,0
,shufflenetv2_970,34.372,0
,shufflenetv2_230,29.516,0
,shufflenetv2_1623,30.626,0
,shufflenetv2_626,33.029,0
,shufflenetv2_1215,33.142,0
,shufflenetv2_1084,30.707,0
,shufflenetv2_321,33.955,0
,shufflenetv2_1237,36.551,0
,shufflenetv2_1708,35.100,0
,shufflenetv2_196,30.155,0
,shufflenetv2_1823,30.840,0
,shufflenetv2_220,34.983,0
,shufflenetv2_1212,25.991,0
,shufflenetv2_648,29.087,0
,shufflenetv2_336,26.005,0
,shufflenetv2_755,30.317,0
,shufflenetv2_71,31.228,0
,shufflenetv2_1278,37.535,0
,shufflenetv2_596,29.367,0
,shufflenetv2_1437,30.548,0
,shufflenetv2_94,29.488,0
,shufflenetv2_853,30.932,0
,shufflenetv2_1050,29.353,0
,shufflenetv2_1983,29.295,0
,shufflenetv2_1164,28.984,0
,shufflenetv2_1085,27.706,0
,shufflenetv2_99,30.732,0
,shufflenetv2_471,29.217,0
,shufflenetv2_636,26.731,0
,shufflenetv2_206,38.901,0
,shufflenetv2_1247,33.994,0
,shufflenetv2_781,29.795,0
,shufflenetv2_104,31.642,0
,shufflenetv2_629,26.456,0
,shufflenetv2_1205,31.676,0
,shufflenetv2_837,31.038,0
,shufflenetv2_1733,32.398,0
,shufflenetv2_1574,29.392,0
,shufflenetv2_221,34.554,0
,shufflenetv2_1186,28.102,0
,shufflenetv2_1520,30.732,0
,shufflenetv2_986,31.607,0
,shufflenetv2_176,35.885,0
,shufflenetv2_503,36.658,0
,shufflenetv2_788,24.924,0
,shufflenetv2_701,34.752,0
,shufflenetv2_361,27.672,0
,shufflenetv2_655,26.108,0
,shufflenetv2_1056,27.527,0
,shufflenetv2_27,35.549,0
,shufflenetv2_383,33.199,0
,shufflenetv2_1659,35.902,0
,shufflenetv2_1601,26.340,0
,shufflenetv2_866,28.889,0
,shufflenetv2_1194,30.336,0
,shufflenetv2_67,29.863,0
,shufflenetv2_464,30.897,0
,shufflenetv2_124,33.371,0
,shufflenetv2_987,30.161,0
,shufflenetv2_84,35.087,0
,shufflenetv2_1895,31.474,0
,shufflenetv2_943,26.596,0
,shufflenetv2_369,27.888,0
,shufflenetv2_921,29.363,0
,shufflenetv2_1380,30.511,0
,shufflenetv2_1711,30.500,0
,shufflenetv2_635,28.040,0
,shufflenetv2_1483,28.325,0
,shufflenetv2_1975,28.990,0
,shufflenetv2_1609,24.718,0
,shufflenetv2_399,30.157,0
,shufflenetv2_1631,32.313,0
,shufflenetv2_485,28.074,0
,shufflenetv2_236,32.536,0
,shufflenetv2_204,31.982,0
,shufflenetv2_1911,27.053,0
,shufflenetv2_161,33.842,0
,shufflenetv2_305,32.156,0
,shufflenetv2_1485,30.020,0
,shufflenetv2_1899,29.728,0
,shufflenetv2_1645,32.248,0
,shufflenetv2_209,30.336,0
,shufflenetv2_397,30.726,0
,shufflenetv2_1443,27.182,0
,shufflenetv2_274,26.943,0
,shufflenetv2_441,29.339,0
,shufflenetv2_893,29.323,0
,shufflenetv2_1108,28.681,0
,shufflenetv2_883,27.237,0
,shufflenetv2_142,34.057,0
,shufflenetv2_1169,28.171,0
,shufflenetv2_372,32.678,0
,shufflenetv2_1347,29.927,0
,shufflenetv2_641,23.251,0
,shufflenetv2_1090,35.976,0
,shufflenetv2_1855,31.706,0
,shufflenetv2_1734,30.493,0
,shufflenetv2_1835,24.662,0
,shufflenetv2_1702,32.767,0
,shufflenetv2_325,25.838,0
,shufflenetv2_904,25.041,0
,shufflenetv2_1746,28.976,0
,shufflenetv2_1910,26.553,0
,shufflenetv2_1410,30.621,0
,shufflenetv2_3,36.641,0
,shufflenetv2_677,31.479,0
,shufflenetv2_759,27.495,0
,shufflenetv2_188,33.366,0
,shufflenetv2_18,29.226,0
,shufflenetv2_248,35.696,0
,shufflenetv2_1147,29.077,0
,shufflenetv2_1220,22.680,0
,shufflenetv2_86,35.954,0
,shufflenetv2_1027,33.233,0
,shufflenetv2_1940,30.244,0
,shufflenetv2_92,31.348,0
,shufflenetv2_707,29.939,0
,shufflenetv2_544,34.886,0
,shufflenetv2_1859,32.261,0
,shufflenetv2_1660,33.353,0
,shufflenetv2_1455,30.532,0
,shufflenetv2_1104,34.540,0
,shufflenetv2_310,30.929,0
,shufflenetv2_907,27.678,0
,shufflenetv2_1385,25.985,0
,shufflenetv2_1576,26.167,0
,shufflenetv2_924,26.543,0
,shufflenetv2_802,27.141,0
,shufflenetv2_721,34.446,0
,shufflenetv2_1846,28.921,0
,shufflenetv2_89,29.478,0
,shufflenetv2_993,37.668,0
,shufflenetv2_1213,28.256,0
,shufflenetv2_1854,24.402,0
,shufflenetv2_346,24.777,0
,shufflenetv2_513,29.744,0
,shufflenetv2_1218,30.849,0
,shufflenetv2_238,29.119,0
,shufflenetv2_1716,33.316,0
,shufflenetv2_1973,24.651,0
,shufflenetv2_1253,37.376,0
,shufflenetv2_1074,37.950,0
,shufflenetv2_1736,29.647,0
,shufflenetv2_882,28.072,0
,shufflenetv2_1013,33.354,0
,shufflenetv2_137,33.684,0
,shufflenetv2_333,31.538,0
,shufflenetv2_1578,24.885,0
,shufflenetv2_1481,39.538,0
,shufflenetv2_1032,35.244,0
,shufflenetv2_121,24.077,0
,shufflenetv2_1981,32.317,0
,shufflenetv2_584,26.480,0
,shufflenetv2_483,28.122,0
,shufflenetv2_827,27.924,0
,shufflenetv2_1831,26.491,0
,shufflenetv2_1793,30.622,0
,shufflenetv2_911,35.950,0
,shufflenetv2_506,31.684,0
,shufflenetv2_845,33.005,0
,shufflenetv2_855,28.765,0
,shufflenetv2_891,30.422,0
,shufflenetv2_469,28.234,0
,shufflenetv2_622,33.475,0
,shufflenetv2_1782,26.723,0
,shufflenetv2_1986,38.721,0
,shufflenetv2_801,29.519,0
,shufflenetv2_590,33.932,0
,shufflenetv2_1265,34.592,0
,shufflenetv2_1071,32.594,0
,shufflenetv2_1133,28.676,0
,shufflenetv2_1610,26.734,0
,shufflenetv2_1392,29.955,0
,shufflenetv2_398,30.898,0
,shufflenetv2_1004,27.921,0
,shufflenetv2_1719,26.282,0
,shufflenetv2_1123,27.597,0
,shufflenetv2_1131,26.614,0
,shufflenetv2_1480,26.433,0
,shufflenetv2_1098,30.256,0
,shufflenetv2_1350,33.705,0
,shufflenetv2_573,31.492,0
,shufflenetv2_1351,28.390,0
,shufflenetv2_1203,37.910,0
,shufflenetv2_954,30.288,0
,shufflenetv2_659,28.452,0
,shufflenetv2_1516,31.728,0
,shufflenetv2_35,39.976,0
,shufflenetv2_1718,28.065,0
,shufflenetv2_457,31.361,0
,shufflenetv2_519,28.498,0
,shufflenetv2_1421,33.882,0
,shufflenetv2_259,29.628,0
,shufflenetv2_164,28.924,0
,shufflenetv2_1608,29.672,0
,shufflenetv2_59,33.456,0
,shufflenetv2_1551,36.504,0
,shufflenetv2_1861,35.602,0
,shufflenetv2_1174,25.828,0
,shufflenetv2_366,31.914,0
,shufflenetv2_848,26.550,0
,shufflenetv2_289,31.626,0
,shufflenetv2_1240,33.080,0
,shufflenetv2_514,29.240,0
,shufflenetv2_110,28.129,0
,shufflenetv2_1712,30.595,0
,shufflenetv2_550,35.175,0
,shufflenetv2_1721,31.481,0
,shufflenetv2_148,26.884,0
,shufflenetv2_988,30.109,0
,shufflenetv2_257,31.214,0
,shufflenetv2_1272,38.369,0
,shufflenetv2_1492,34.265,0
,shufflenetv2_1292,31.182,0
,shufflenetv2_1047,26.902,0
,shufflenetv2_316,27.654,0
,shufflenetv2_1309,32.781,0
,shufflenetv2_480,29.937,0
,shufflenetv2_1802,31.030,0
,shufflenetv2_1341,29.881,0
,shufflenetv2_489,30.010,0
,shufflenetv2_116,33.044,0
,shufflenetv2_357,24.237,0
,shufflenetv2_1489,32.342,0
,shufflenetv2_1152,25.555,0
,shufflenetv2_1797,37.120,0
,shufflenetv2_1343,37.327,0
,shufflenetv2_1650,31.497,0
,shufflenetv2_1198,28.101,0
,shufflenetv2_101,30.517,0
,shufflenetv2_1193,34.701,0
,shufflenetv2_1375,32.859,0
,shufflenetv2_1478,27.828,0
,shufflenetv2_1953,28.245,0
,shufflenetv2_1966,26.233,0
,shufflenetv2_1579,34.315,0
,shufflenetv2_1214,35.315,0
,shufflenetv2_1159,34.814,0
,shufflenetv2_1544,28.908,0
,shufflenetv2_114,39.550,0
,shufflenetv2_1017,27.242,0
,shufflenetv2_957,32.905,0
,shufflenetv2_528,33.333,0
,shufflenetv2_337,30.810,0
,shufflenetv2_703,30.529,0
,shufflenetv2_1491,30.514,0
,shufflenetv2_1366,29.667,0
,shufflenetv2_889,29.337,0
,shufflenetv2_712,34.274,0
,shufflenetv2_989,27.536,0
,shufflenetv2_177,25.745,0
,shufflenetv2_1561,30.563,0
,shufflenetv2_1107,30.520,0
,shufflenetv2_725,29.098,0
,shufflenetv2_1183,28.281,0
,shufflenetv2_1889,29.793,0
,shufflenetv2_656,34.357,0
,shufflenetv2_1872,32.682,0
,shufflenetv2_375,32.623,0
,shufflenetv2_109,33.932,0
,shufflenetv2_159,29.867,0
,shufflenetv2_453,34.245,0
,shufflenetv2_1094,32.000,0
,shufflenetv2_76,36.181,0
,shufflenetv2_511,31.881,0
,shufflenetv2_1511,25.897,0
,shufflenetv2_1328,32.422,0
,shufflenetv2_70,23.782,0
,shufflenetv2_1919,28.392,0
,shufflenetv2_929,31.343,0
,shufflenetv2_1836,36.272,0
,shufflenetv2_1318,28.418,0
,shufflenetv2_1229,37.210,0
,shufflenetv2_974,29.712,0
,shufflenetv2_1890,28.576,0
,shufflenetv2_1641,28.234,0
,shufflenetv2_1864,34.854,0
,shufflenetv2_1843,36.290,0
,shufflenetv2_1698,27.319,0
,shufflenetv2_936,28.070,0
,shufflenetv2_589,33.559,0
,shufflenetv2_107,29.194,0
,shufflenetv2_561,27.211,0
,shufflenetv2_412,32.882,0
,shufflenetv2_1985,26.080,0
,shufflenetv2_1563,32.923,0
,shufflenetv2_773,28.668,0
,shufflenetv2_1496,28.528,0
,shufflenetv2_531,29.440,0
,shufflenetv2_404,38.145,0
,shufflenetv2_1255,26.734,0
,shufflenetv2_1009,35.493,0
,shufflenetv2_836,29.112,0
,shufflenetv2_833,35.877,0
,shufflenetv2_942,33.773,0
,shufflenetv2_639,32.490,0
,shufflenetv2_1672,24.333,0
,shufflenetv2_939,24.210,0
,shufflenetv2_1810,33.870,0
,shufflenetv2_253,28.413,0
,shufflenetv2_1755,27.646,0
,shufflenetv2_235,28.793,0
,shufflenetv2_776,29.775,0
,shufflenetv2_1404,30.989,0
,shufflenetv2_473,27.229,0
,shufflenetv2_1467,27.948,0
,shufflenetv2_1857,27.264,0
,shufflenetv2_52,28.849,0
,shufflenetv2_621,27.344,0
,shufflenetv2_654,29.430,0
,shufflenetv2_1894,26.673,0
,shufflenetv2_549,30.561,0
,shufflenetv2_1737,32.975,0
,shufflenetv2_1073,32.509,0
,shufflenetv2_1710,29.742,0
,shufflenetv2_334,29.168,0
,shufflenetv2_1228,32.631,0
,shufflenetv2_1418,32.151,0
,shufflenetv2_1171,30.525,0
,shufflenetv2_579,27.426,0
,shufflenetv2_1397,27.642,0
,shufflenetv2_88,30.693,0
,shufflenetv2_428,32.623,0
,shufflenetv2_1232,26.635,0
,shufflenetv2_296,32.981,0
,shufflenetv2_433,28.211,0
,shufflenetv2_1541,28.975,0
,shufflenetv2_1934,33.680,0
,shufflenetv2_303,25.735,0
,shufflenetv2_1545,30.573,0
,shufflenetv2_33,26.473,0
,shufflenetv2_1415,29.983,0
,shufflenetv2_421,35.210,0
,shufflenetv2_663,38.730,0
,shufflenetv2_189,29.172,0
,shufflenetv2_1615,31.347,0
,shufflenetv2_1417,26.670,0
,shufflenetv2_80,34.634,0
,shufflenetv2_1020,34.948,0
,shufflenetv2_1902,30.340,0
,shufflenetv2_1789,34.686,0
,shufflenetv2_710,27.880,0
,shufflenetv2_1703,27.508,0
,shufflenetv2_1938,27.311,0
,shufflenetv2_1113,21.709,0
,shufflenetv2_1830,30.370,0
,shufflenetv2_983,24.869,0
,shufflenetv2_1909,28.685,0
,shufflenetv2_69,30.371,0
,shufflenetv2_1839,33.313,0
,shufflenetv2_560,28.849,0
,shufflenetv2_1536,27.349,0
,shufflenetv2_1754,38.745,0
,shufflenetv2_1006,31.701,0
,shufflenetv2_690,30.199,0
,shufflenetv2_1368,31.880,0
,shufflenetv2_762,31.239,0
,shufflenetv2_1649,31.558,0
,shufflenetv2_849,29.187,0
,shufflenetv2_976,26.631,0
,shufflenetv2_96,33.524,0
,shufflenetv2_1386,33.515,0
,shufflenetv2_977,28.590,0
,shufflenetv2_1105,29.196,0
,shufflenetv2_739,25.138,0
,shufflenetv2_542,29.277,0
,shufflenetv2_815,30.928,0
,shufflenetv2_449,31.105,0
,shufflenetv2_915,32.095,0
,shufflenetv2_1510,30.626,0
,shufflenetv2_273,35.466,0
,shufflenetv2_551,28.184,0
,shufflenetv2_1087,31.994,0
,shufflenetv2_53,32.279,0
,shufflenetv2_1626,31.491,0
,shufflenetv2_41,34.545,0
,shufflenetv2_1339,27.847,0
,shufflenetv2_1034,28.642,0
,shufflenetv2_413,29.535,0
,shufflenetv2_852,29.513,0
,shufflenetv2_562,27.496,0
,shufflenetv2_1389,31.865,0
,shufflenetv2_417,25.797,0
,shufflenetv2_1,28.300,0
,shufflenetv2_760,29.996,0
,shufflenetv2_841,23.235,0
,shufflenetv2_1865,26.260,0
,shufflenetv2_1244,25.197,0
,shufflenetv2_77,29.015,0
,shufflenetv2_190,27.395,0
,shufflenetv2_422,29.253,0
,shufflenetv2_708,26.889,0
,shufflenetv2_1725,30.194,0
,shufflenetv2_1451,31.888,0
,shufflenetv2_1570,33.345,0
,shufflenetv2_1359,29.626,0
,shufflenetv2_1878,30.536,0
,shufflenetv2_1820,30.375,0
,shufflenetv2_34,36.257,0
,shufflenetv2_812,28.589,0
,shufflenetv2_1460,25.189,0
,shufflenetv2_287,29.455,0
,shufflenetv2_1977,29.633,0
,shufflenetv2_65,31.842,0
,shufflenetv2_1991,26.722,0
,shufflenetv2_106,32.074,0
,shufflenetv2_26,26.249,0
,shufflenetv2_1409,30.677,0
,shufflenetv2_1961,26.133,0
,shufflenetv2_420,34.257,0
,shufflenetv2_452,32.648,0
,shufflenetv2_992,36.629,0
,shufflenetv2_1774,38.609,0
,shufflenetv2_878,27.518,0
,shufflenetv2_737,27.479,0
,shufflenetv2_24,30.376,0
,shufflenetv2_527,32.353,0
,shufflenetv2_566,28.647,0
,shufflenetv2_57,26.360,0
,shufflenetv2_864,28.990,0
,shufflenetv2_66,25.270,0
,shufflenetv2_1587,32.210,0
,shufflenetv2_1873,26.554,0
,shufflenetv2_210,30.488,0
,shufflenetv2_995,34.437,0
,shufflenetv2_817,33.305,0
,shufflenetv2_1473,32.993,0
,shufflenetv2_1988,27.390,0
,shufflenetv2_1980,25.366,0
,shufflenetv2_890,32.978,0
,shufflenetv2_747,27.823,0
,shufflenetv2_1465,31.897,0
,shufflenetv2_1353,29.694,0
,shufflenetv2_665,27.076,0
,shufflenetv2_173,33.063,0
,shufflenetv2_1158,28.067,0
,shufflenetv2_539,28.370,0
,shufflenetv2_1735,30.966,0
,shufflenetv2_50,31.350,0
,shufflenetv2_322,27.165,0
,shufflenetv2_1393,23.955,0
,shufflenetv2_643,25.003,0
,shufflenetv2_706,34.766,0
,shufflenetv2_1487,27.472,0
,shufflenetv2_606,31.185,0
,shufflenetv2_1115,28.975,0
,shufflenetv2_575,30.026,0
,shufflenetv2_1877,30.090,0
,shufflenetv2_1753,31.071,0
,shufflenetv2_1971,31.853,0
,shufflenetv2_95,36.434,0
,shufflenetv2_720,30.450,0
,shufflenetv2_795,26.976,0
,shufflenetv2_301,30.575,0
,shufflenetv2_902,32.707,0
,shufflenetv2_285,22.851,0
,shufflenetv2_631,35.154,0
,shufflenetv2_153,41.424,0
,shufflenetv2_1661,28.417,0
,shufflenetv2_143,28.718,0
,shufflenetv2_1068,26.158,0
,shufflenetv2_496,25.481,0
,shufflenetv2_1092,29.157,0
,shufflenetv2_1950,25.880,0
,shufflenetv2_651,33.912,0
,shufflenetv2_1826,26.692,0
,shufflenetv2_948,29.289,0
,shufflenetv2_1128,33.494,0
,shufflenetv2_140,27.770,0
,shufflenetv2_1814,30.492,0
,shufflenetv2_1972,28.414,0
,shufflenetv2_1300,28.560,0
,shufflenetv2_960,26.245,0
,shufflenetv2_1842,30.792,0
,shufflenetv2_536,30.239,0
,shufflenetv2_14,32.858,0
,shufflenetv2_1967,27.693,0
,shufflenetv2_36,25.691,0
,shufflenetv2_139,34.618,0
,shufflenetv2_117,26.870,0
,shufflenetv2_476,34.999,0
,shufflenetv2_1765,28.828,0
,shufflenetv2_466,25.449,0
,shufflenetv2_1781,31.473,0
,shufflenetv2_1689,24.537,0
,shufflenetv2_1349,30.719,0
,shufflenetv2_1829,27.289,0
,shufflenetv2_351,32.859,0
,shufflenetv2_829,30.671,0
,shufflenetv2_1234,31.971,0
,shufflenetv2_647,36.960,0
,shufflenetv2_1498,32.508,0
,shufflenetv2_1040,33.781,0
,shufflenetv2_279,33.411,0
,shufflenetv2_1620,33.583,0
,shufflenetv2_1965,29.225,0
,shufflenetv2_1883,33.452,0
,shufflenetv2_1466,30.631,0
,shufflenetv2_664,31.474,0
,shufflenetv2_31,29.688,0
,shufflenetv2_1249,31.640,0
,shufflenetv2_493,31.326,0
,shufflenetv2_582,28.855,0
,shufflenetv2_1439,30.073,0
,shufflenetv2_344,37.300,0
,shufflenetv2_766,27.714,0
,shufflenetv2_446,26.922,0
,shufflenetv2_868,27.298,0
,shufflenetv2_1448,25.359,0
,shufflenetv2_754,28.222,0
,shufflenetv2_1454,31.977,0
,shufflenetv2_463,32.830,0
,shufflenetv2_1602,28.466,0
,shufflenetv2_1809,30.125,0
,shufflenetv2_1191,34.670,0
,shufflenetv2_509,32.880,0
,shufflenetv2_985,28.415,0
,shufflenetv2_1088,30.440,0
,shufflenetv2_479,33.374,0
,shufflenetv2_223,27.936,0
,shufflenetv2_356,27.852,0
,shufflenetv2_13,29.788,0
,shufflenetv2_102,30.496,0
,shufflenetv2_1525,35.327,0
,shufflenetv2_1219,33.645,0
,shufflenetv2_1110,28.454,0
,shufflenetv2_1450,26.491,0
,shufflenetv2_371,31.532,0
,shufflenetv2_847,34.611,0
,shufflenetv2_873,33.859,0
,shufflenetv2_1360,26.817,0
,shufflenetv2_293,25.373,0
,shufflenetv2_1804,31.703,0
,shufflenetv2_82,28.729,0
,shufflenetv2_486,32.578,0
,shufflenetv2_1824,28.441,0
,shufflenetv2_876,35.582,0
,shufflenetv2_112,24.565,0
,shufflenetv2_1167,33.177,0
,shufflenetv2_1507,27.651,0
,shufflenetv2_11,27.155,0
,shufflenetv2_1290,32.666,0
,shufflenetv2_1145,32.574,0
,shufflenetv2_875,34.743,0
,shufflenetv2_901,28.457,0
,shufflenetv2_1912,27.452,0
,shufflenetv2_850,34.075,0
,shufflenetv2_1431,25.420,0
,shufflenetv2_1217,32.197,0
,shufflenetv2_55,32.512,0
,shufflenetv2_451,37.797,0
,shufflenetv2_459,34.943,0
,shufflenetv2_724,29.843,0
,shufflenetv2_917,23.117,0
,shufflenetv2_792,26.401,0
,shufflenetv2_1564,30.128,0
,shufflenetv2_1760,34.127,0
,shufflenetv2_1195,24.103,0
,shufflenetv2_283,32.094,0
,shufflenetv2_1269,38.747,0
,shufflenetv2_1640,29.831,0
,shufflenetv2_214,31.638,0
,shufflenetv2_1555,26.256,0
,shufflenetv2_1757,34.181,0
,shufflenetv2_1316,29.743,0
,shufflenetv2_1293,30.942,0
,shufflenetv2_1508,25.560,0
,shufflenetv2_574,29.273,0
,shufflenetv2_1344,28.433,0
,shufflenetv2_601,34.127,0
,shufflenetv2_131,30.853,0
,shufflenetv2_642,28.743,0
,shufflenetv2_750,29.245,0
,shufflenetv2_1201,29.330,0
,shufflenetv2_1117,37.229,0
,shufflenetv2_1430,29.425,0
,shufflenetv2_1942,30.385,0
,shufflenetv2_28,36.538,0
,shufflenetv2_1867,24.572,0
,shufflenetv2_1495,33.341,0
,shufflenetv2_670,28.210,0
,shufflenetv2_1624,32.669,0
,shufflenetv2_1038,29.550,0
,shufflenetv2_51,30.254,0
,shufflenetv2_1869,26.388,0
,shufflenetv2_488,28.197,0
,shufflenetv2_894,31.232,0
,shufflenetv2_1062,38.483,0
,shufflenetv2_191,24.574,0
,shufflenetv2_1144,25.327,0
,shufflenetv2_1323,29.661,0
,shufflenetv2_294,28.693,0
,shufflenetv2_345,34.878,0
,shufflenetv2_1242,36.450,0
,shufflenetv2_1039,28.438,0
,shufflenetv2_1065,32.197,0
,shufflenetv2_1286,33.370,0
,shufflenetv2_1560,29.284,0
,shufflenetv2_1089,28.974,0
,shufflenetv2_842,31.019,0
,shufflenetv2_138,31.930,0
,shufflenetv2_1694,26.590,0
,shufflenetv2_1683,29.206,0
,shufflenetv2_1178,39.368,0
,shufflenetv2_1724,29.968,0
,shufflenetv2_394,29.940,0
,shufflenetv2_975,33.542,0
,shufflenetv2_925,30.159,0
,shufflenetv2_414,32.484,0
,shufflenetv2_869,28.773,0
,shufflenetv2_1283,36.129,0
,shufflenetv2_1627,30.489,0
,shufflenetv2_1758,27.271,0
,shufflenetv2_1500,37.796,0
,shufflenetv2_169,33.001,0
,shufflenetv2_1613,33.343,0
,shufflenetv2_203,28.206,0
,shufflenetv2_132,34.212,0
,shufflenetv2_377,27.551,0
,shufflenetv2_410,26.938,0
,shufflenetv2_222,28.527,0
,shufflenetv2_350,28.520,0
,shufflenetv2_105,34.262,0
,shufflenetv2_1182,32.763,0
,shufflenetv2_168,28.674,0
,shufflenetv2_239,32.579,0
,shufflenetv2_1653,29.946,0
,shufflenetv2_920,28.829,0
,shufflenetv2_1847,23.418,0
,shufflenetv2_598,33.516,0
,shufflenetv2_1336,31.976,0
,shufflenetv2_368,30.026,0
,shufflenetv2_440,34.022,0
,shufflenetv2_734,34.370,0
,shufflenetv2_198,35.951,0
,shufflenetv2_922,30.144,0
,shufflenetv2_499,25.754,0
,shufflenetv2_1100,30.411,0
,shufflenetv2_1571,26.602,0
,shufflenetv2_1252,26.555,0
,shufflenetv2_818,30.829,0
,shufflenetv2_494,23.534,0
,shufflenetv2_1322,37.902,0
,shufflenetv2_1504,34.033,0
,shufflenetv2_1779,35.733,0
,shufflenetv2_118,31.580,0
,shufflenetv2_1388,23.844,0
,shufflenetv2_733,33.257,0
,shufflenetv2_355,32.383,0
,shufflenetv2_393,36.230,0
,shufflenetv2_133,37.119,0
,shufflenetv2_1057,29.929,0
,shufflenetv2_772,30.700,0
,shufflenetv2_821,36.230,0
,shufflenetv2_1987,38.509,0
,shufflenetv2_828,27.175,0
,shufflenetv2_44,31.654,0
,shufflenetv2_149,26.588,0
,shufflenetv2_30,31.189,0
,shufflenetv2_182,36.120,0
,shufflenetv2_861,26.475,0
,shufflenetv2_946,30.499,0
,shufflenetv2_1707,22.223,0
,shufflenetv2_1941,29.814,0
,shufflenetv2_456,30.873,0
,shufflenetv2_714,28.370,0
,shufflenetv2_1297,33.873,0
,shufflenetv2_994,31.547,0
,shufflenetv2_1136,32.846,0
,shufflenetv2_816,27.419,0
,shufflenetv2_19,27.967,0
,shufflenetv2_1432,25.852,0
,shufflenetv2_548,27.523,0
,shufflenetv2_518,30.448,0
,shufflenetv2_1958,27.436,0
,shufflenetv2_912,29.247,0
,shufflenetv2_797,25.339,0
,shufflenetv2_697,36.298,0
,shufflenetv2_1412,30.205,0
,shufflenetv2_899,32.130,0
,shufflenetv2_443,30.863,0
,shufflenetv2_1806,33.646,0
,shufflenetv2_484,30.319,0
,shufflenetv2_1175,33.469,0
,shufflenetv2_741,26.688,0
,shufflenetv2_455,29.235,0
,shufflenetv2_1067,32.492,0
,shufflenetv2_1696,32.196,0
,shufflenetv2_1042,25.316,0
,shufflenetv2_1422,32.483,0
,shufflenetv2_1061,30.027,0
,shufflenetv2_8,30.581,0
,shufflenetv2_160,28.795,0
,shufflenetv2_1633,30.906,0
,shufflenetv2_1060,32.875,0
,shufflenetv2_859,28.767,0
,shufflenetv2_619,27.493,0
,shufflenetv2_335,30.704,0
,shufflenetv2_1568,30.143,0
,shufflenetv2_1012,27.019,0
,shufflenetv2_1594,28.085,0
,shufflenetv2_501,39.779,0
,shufflenetv2_1700,26.773,0
,shufflenetv2_1298,31.661,0
,shufflenetv2_1444,28.328,0
,shufflenetv2_532,29.821,0
,shufflenetv2_1200,28.988,0
,shufflenetv2_130,24.964,0
,shufflenetv2_700,24.452,0
,shufflenetv2_1154,28.005,0
,shufflenetv2_401,32.328,0
,shufflenetv2_1538,27.973,0
,shufflenetv2_408,35.155,0
,shufflenetv2_281,28.305,0
,shufflenetv2_1795,31.699,0
,shufflenetv2_1905,36.209,0
,shufflenetv2_1311,30.025,0
,shufflenetv2_814,24.508,0
,shufflenetv2_1330,30.319,0
,shufflenetv2_932,30.291,0
,shufflenetv2_1260,28.775,0
,shufflenetv2_227,31.481,0
,shufflenetv2_628,34.978,0
,shufflenetv2_1548,29.826,0
,shufflenetv2_537,36.791,0
,shufflenetv2_216,28.017,0
,shufflenetv2_857,30.755,0
,shufflenetv2_1433,28.197,0
,shufflenetv2_1118,33.666,0
,shufflenetv2_779,29.621,0
,shufflenetv2_552,32.226,0
,shufflenetv2_1742,28.374,0
,shufflenetv2_38,27.282,0
,shufflenetv2_1041,30.417,0
,shufflenetv2_1248,26.404,0
,shufflenetv2_1226,27.470,0
,shufflenetv2_46,30.695,0
,shufflenetv2_1565,30.303,0
,shufflenetv2_1957,29.311,0
,shufflenetv2_1329,26.335,0
,shufflenetv2_695,32.702,0
,shufflenetv2_1373,33.139,0
,shufflenetv2_1033,30.448,0
,shufflenetv2_1777,27.076,0
,shufflenetv2_1179,38.114,0
,shufflenetv2_111,27.231,0
,shufflenetv2_1379,27.089,0
,shufflenetv2_1037,30.674,0
,shufflenetv2_435,35.857,0
,shufflenetv2_290,32.498,0
,shufflenetv2_1763,29.561,0
,shufflenetv2_653,30.522,0
,shufflenetv2_796,29.837,0
,shufflenetv2_1841,37.583,0
,shufflenetv2_402,36.799,0
,shufflenetv2_1812,34.230,0
,shufflenetv2_1944,25.898,0
,shufflenetv2_1285,28.508,0
,shufflenetv2_1095,32.009,0
,shufflenetv2_1787,36.896,0
,shufflenetv2_1682,29.051,0
,shufflenetv2_427,33.012,0
,shufflenetv2_998,33.638,0
,shufflenetv2_1482,29.013,0
,shufflenetv2_686,31.420,0
,shufflenetv2_822,32.796,0
,shufflenetv2_432,34.191,0
,shufflenetv2_180,30.731,0
,shufflenetv2_1468,29.610,0
,shufflenetv2_1783,30.633,0
,shufflenetv2_1411,25.134,0
,shufflenetv2_242,36.677,0
,shufflenetv2_1192,34.984,0
,shufflenetv2_594,32.212,0
,shufflenetv2_1458,32.207,0
,shufflenetv2_1333,32.358,0
,shufflenetv2_1274,33.352,0
,shufflenetv2_358,34.636,0
,shufflenetv2_1028,28.481,0
,shufflenetv2_914,23.716,0
,shufflenetv2_783,27.525,0
,shufflenetv2_1499,31.622,0
,shufflenetv2_1584,32.384,0
,shufflenetv2_1163,26.617,0
,shufflenetv2_382,29.683,0
,shufflenetv2_1231,31.417,0
,shufflenetv2_1901,29.777,0
,shufflenetv2_1976,26.065,0
,shufflenetv2_673,30.440,0
,shufflenetv2_342,29.312,0
,shufflenetv2_916,32.745,0
,shufflenetv2_515,33.383,0
,shufflenetv2_136,26.947,0
,shufflenetv2_1834,34.240,0
,shufflenetv2_1642,30.629,0
,shufflenetv2_604,25.645,0
,shufflenetv2_264,26.530,0
,shufflenetv2_1064,24.521,0
,shufflenetv2_1684,37.390,0
,shufflenetv2_1996,35.039,0
,shufflenetv2_252,30.646,0
,shufflenetv2_419,34.153,0
,shufflenetv2_1261,33.225,0
,shufflenetv2_1747,30.516,0
,shufflenetv2_1862,23.591,0
,shufflenetv2_1429,33.344,0
,shufflenetv2_1699,26.220,0
,shufflenetv2_961,30.934,0
,shufflenetv2_297,27.509,0
,shufflenetv2_12,30.856,0
,shufflenetv2_1143,29.612,0
,shufflenetv2_1025,26.999,0
,shufflenetv2_1407,30.513,0
,shufflenetv2_571,37.036,0
,shufflenetv2_251,27.717,0
,shufflenetv2_365,40.617,0
,shufflenetv2_481,38.188,0
,shufflenetv2_1275,36.029,0
,shufflenetv2_1771,28.312,0
,shufflenetv2_1790,32.598,0
,shufflenetv2_1881,35.485,0
,shufflenetv2_1675,31.683,0
,shufflenetv2_265,32.978,0
,shufflenetv2_391,30.815,0
,shufflenetv2_984,27.434,0
,shufflenetv2_1066,38.682,0
,shufflenetv2_1035,33.121,0
,shufflenetv2_424,27.683,0
,shufflenetv2_1394,26.379,0
,shufflenetv2_1858,35.625,0
,shufflenetv2_555,30.435,0
,shufflenetv2_1819,29.536,0
,shufflenetv2_965,33.412,0
,shufflenetv2_1139,29.388,0
,shufflenetv2_1225,30.121,0
,shufflenetv2_784,28.015,0
,shufflenetv2_1091,28.052,0
,shufflenetv2_523,27.898,0
,shufflenetv2_1372,32.422,0
,shufflenetv2_839,28.539,0
,shufflenetv2_477,28.494,0
,shufflenetv2_740,28.634,0
,shufflenetv2_1464,34.199,0
,shufflenetv2_949,30.528,0
,shufflenetv2_1879,28.718,0
,shufflenetv2_330,34.926,0
,shufflenetv2_1188,30.338,0
,shufflenetv2_790,33.935,0
,shufflenetv2_1307,25.409,0
,shufflenetv2_748,27.474,0
,shufflenetv2_657,33.220,0
,shufflenetv2_1048,31.015,0
,shufflenetv2_809,30.458,0
,shufflenetv2_258,30.386,0
,shufflenetv2_1936,26.278,0
,shufflenetv2_1933,32.600,0
,shufflenetv2_521,26.739,0
,shufflenetv2_329,30.092,0
,shufflenetv2_1223,26.729,0
,shufflenetv2_254,31.287,0
,shufflenetv2_1303,35.258,0
,shufflenetv2_1845,30.562,0
,shufflenetv2_1614,23.779,0
,shufflenetv2_634,28.327,0
,shufflenetv2_674,29.677,0
,shufflenetv2_1106,30.048,0
,shufflenetv2_1024,31.266,0
,shufflenetv2_1583,31.137,0
,shufflenetv2_692,37.189,0
,shufflenetv2_1762,28.869,0
,shufflenetv2_1693,29.569,0
,shufflenetv2_1685,27.614,0
,shufflenetv2_1146,30.004,0
,shufflenetv2_1559,32.076,0
,shufflenetv2_963,31.489,0
,shufflenetv2_103,28.140,0
,shufflenetv2_349,28.672,0
,shufflenetv2_763,27.257,0
,shufflenetv2_1059,25.042,0
,shufflenetv2_212,40.070,0
,shufflenetv2_1332,32.862,0
,shufflenetv2_782,24.005,0
,shufflenetv2_1281,33.463,0
,shufflenetv2_1534,31.212,0
,shufflenetv2_1313,35.139,0
,shufflenetv2_1396,31.673,0
,shufflenetv2_1395,31.725,0
,shufflenetv2_1982,31.363,0
,shufflenetv2_1825,33.069,0
,shufflenetv2_966,27.573,0
,shufflenetv2_944,29.343,0
,shufflenetv2_85,32.020,0
,shufflenetv2_362,29.407,0
,shufflenetv2_1916,28.076,0
,shufflenetv2_17,27.558,0
,shufflenetv2_504,32.748,0
,shufflenetv2_1334,35.389,0
,shufflenetv2_637,32.192,0
,shufflenetv2_1023,29.739,0
,shufflenetv2_298,28.897,0
,shufflenetv2_218,33.406,0
,shufflenetv2_1772,31.874,0
,shufflenetv2_615,24.933,0
,shufflenetv2_1562,27.740,0
,shufflenetv2_835,26.855,0
,shufflenetv2_54,32.041,0
,shufflenetv2_1469,29.039,0
,shufflenetv2_1918,32.695,0
,shufflenetv2_1515,33.340,0
,shufflenetv2_884,28.007,0
,shufflenetv2_1670,26.431,0
,shufflenetv2_409,28.066,0
,shufflenetv2_332,24.790,0
,shufflenetv2_1598,37.276,0
,shufflenetv2_1522,30.136,0
,shufflenetv2_1856,27.759,0
,shufflenetv2_317,26.761,0
,shufflenetv2_1523,39.360,0
,shufflenetv2_1964,31.459,0
,shufflenetv2_1121,32.300,0
,shufflenetv2_90,36.078,0
,shufflenetv2_608,31.916,0
,shufflenetv2_806,32.192,0
,shufflenetv2_1077,27.496,0
,shufflenetv2_1434,30.503,0
,shufflenetv2_803,24.862,0
,shufflenetv2_78,30.303,0
,shufflenetv2_1539,30.107,0
,shufflenetv2_1049,38.335,0
,shufflenetv2_1181,34.150,0
,shufflenetv2_1447,38.815,0
,shufflenetv2_1612,32.985,0
,shufflenetv2_645,26.439,0
,shufflenetv2_416,34.466,0
,shufflenetv2_1180,31.059,0
,shufflenetv2_588,30.796,0
,shufflenetv2_1111,30.749,0
,shufflenetv2_826,33.705,0
,shufflenetv2_593,28.470,0
,shufflenetv2_545,28.559,0
,shufflenetv2_660,30.967,0
,shufflenetv2_1029,31.908,0
,shufflenetv2_311,29.659,0
,shufflenetv2_774,34.197,0
,shufflenetv2_880,31.595,0
,shufflenetv2_1319,33.474,0
,shufflenetv2_1348,31.148,0
,shufflenetv2_380,29.421,0
,shufflenetv2_32,31.146,0
,shufflenetv2_1014,32.164,0
,shufflenetv2_1243,30.590,0
,shufflenetv2_685,29.681,0
,shufflenetv2_508,44.231,0
,shufflenetv2_787,29.651,0
,shufflenetv2_844,31.498,0
,shufflenetv2_756,32.647,0
,shufflenetv2_1600,30.196,0
,shufflenetv2_326,34.023,0
,shufflenetv2_1141,26.193,0
,shufflenetv2_1886,25.728,0
,shufflenetv2_1674,35.183,0
,shufflenetv2_1723,34.721,0
,shufflenetv2_973,28.929,0
,shufflenetv2_1377,25.720,0
,shufflenetv2_1891,28.956,0
,shufflenetv2_927,33.766,0
,shufflenetv2_1731,29.174,0
,shufflenetv2_865,33.724,0
,shufflenetv2_126,31.915,0
,shufflenetv2_541,31.242,0
,shufflenetv2_403,32.606,0
,shufflenetv2_908,37.785,0
,shufflenetv2_465,28.569,0
,shufflenetv2_145,29.466,0
,shufflenetv2_730,23.939,0
,shufflenetv2_1406,29.114,0
,shufflenetv2_1998,27.549,0
,shufflenetv2_1766,25.186,0
,shufflenetv2_1519,32.024,0
,shufflenetv2_343,32.108,0
,shufflenetv2_722,29.857,0
,shufflenetv2_1312,31.480,0
,shufflenetv2_384,34.765,0
,shufflenetv2_886,30.066,0
,shufflenetv2_958,28.225,0
,shufflenetv2_313,28.517,0
,shufflenetv2_1187,31.144,0
,shufflenetv2_1069,26.786,0
,shufflenetv2_1529,27.923,0
,shufflenetv2_328,30.195,0
,shufflenetv2_1992,30.155,0
,shufflenetv2_1176,30.479,0
,shufflenetv2_1906,33.736,0
,shufflenetv2_1241,26.445,0
,shufflenetv2_1369,27.165,0
,shufflenetv2_1860,33.314,0
,shufflenetv2_93,29.147,0
,shufflenetv2_261,33.908,0
,shufflenetv2_246,30.256,0
,shufflenetv2_1005,31.588,0
,shufflenetv2_474,28.973,0
,shufflenetv2_745,30.350,0
,shufflenetv2_909,28.141,0
,shufflenetv2_980,33.753,0
,shufflenetv2_370,32.705,0
,shufflenetv2_1897,30.613,0
,shufflenetv2_87,26.045,0
,shufflenetv2_141,24.909,0
,shufflenetv2_1932,33.429,0
,shufflenetv2_1441,28.431,0
,shufflenetv2_1416,32.844,0
,shufflenetv2_1528,34.202,0
,shufflenetv2_834,28.166,0
,shufflenetv2_247,29.349,0
,shufflenetv2_941,30.292,0
,shufflenetv2_1630,25.940,0
,shufflenetv2_7,32.619,0
,shufflenetv2_1438,32.760,0
,shufflenetv2_243,33.002,0
,shufflenetv2_98,39.642,0
,shufflenetv2_175,32.764,0
,shufflenetv2_1727,28.945,0
,shufflenetv2_1190,26.312,0
,shufflenetv2_785,31.784,0
,shufflenetv2_520,32.607,0
,shufflenetv2_1924,27.380,0
,shufflenetv2_284,29.782,0
,shufflenetv2_956,31.439,0
,shufflenetv2_693,36.708,0
,shufflenetv2_1517,27.444,0
,shufflenetv2_1605,26.080,0
,shufflenetv2_1603,29.456,0
,shufflenetv2_1399,34.135,0
,shufflenetv2_1821,34.341,0
,shufflenetv2_1075,28.797,0
,shufflenetv2_1927,32.645,0
,shufflenetv2_286,27.356,0
,shufflenetv2_595,32.559,0
,shufflenetv2_1325,28.831,0
,shufflenetv2_1284,23.061,0
,shufflenetv2_1621,33.900,0
,shufflenetv2_892,31.327,0
,shufflenetv2_769,31.235,0
,shufflenetv2_1114,31.951,0
,shufflenetv2_1732,26.220,0
,shufflenetv2_860,31.195,0
,shufflenetv2_429,25.319,0
,shufflenetv2_1554,36.238,0
,shufflenetv2_1677,30.321,0
,shufflenetv2_736,23.776,0
,shufflenetv2_1101,27.062,0
,shufflenetv2_1681,34.129,0
,shufflenetv2_1306,25.573,0
,shufflenetv2_1008,36.300,0
,shufflenetv2_1743,29.851,0
,shufflenetv2_1493,31.245,0
,shufflenetv2_610,31.924,0
,shufflenetv2_467,30.762,0
,shufflenetv2_79,23.714,0
,shufflenetv2_768,32.589,0
,shufflenetv2_820,24.872,0
,shufflenetv2_644,36.718,0
,shufflenetv2_793,29.517,0
,shufflenetv2_1446,30.495,0
,shufflenetv2_250,29.226,0
,shufflenetv2_1086,30.207,0
,shufflenetv2_743,25.176,0
,shufflenetv2_1647,32.173,0
,shufflenetv2_23,26.840,0
,shufflenetv2_37,32.403,0
,shufflenetv2_581,27.463,0
,shufflenetv2_385,33.822,0
,shufflenetv2_1925,28.728,0
,shufflenetv2_1943,30.466,0
,shufflenetv2_1989,27.260,0
,shufflenetv2_1002,30.595,0
,shufflenetv2_299,31.847,0
,shufflenetv2_60,32.643,0
,shufflenetv2_1874,36.599,0
,shufflenetv2_688,34.599,0
,shufflenetv2_522,29.087,0
,shufflenetv2_1513,35.849,0
,shufflenetv2_1383,35.531,0
,shufflenetv2_1259,30.158,0
,shufflenetv2_1471,25.194,0
,shufflenetv2_934,34.825,0
,shufflenetv2_1505,29.002,0
,shufflenetv2_1904,32.160,0
,shufflenetv2_838,28.251,0
,shufflenetv2_381,31.590,0
,shufflenetv2_1622,30.911,0
,shufflenetv2_819,23.589,0
,shufflenetv2_163,28.965,0
,shufflenetv2_1526,30.786,0
,shufflenetv2_543,35.909,0
,shufflenetv2_1462,32.218,0
,shufflenetv2_881,30.712,0
,shufflenetv2_1658,29.843,0
,shufflenetv2_282,32.372,0
,shufflenetv2_1997,33.299,0
,shufflenetv2_354,25.901,0
,shufflenetv2_1629,31.585,0
,shufflenetv2_1929,37.774,0
,shufflenetv2_1634,32.599,0
,shufflenetv2_68,34.498,0
,shufflenetv2_318,32.580,0
,shufflenetv2_1590,34.018,0
,shufflenetv2_1533,31.198,0
,shufflenetv2_6,32.439,0
,shufflenetv2_353,32.395,0
,shufflenetv2_564,28.138,0
,shufflenetv2_62,28.921,0
,shufflenetv2_687,31.418,0
,shufflenetv2_1954,30.509,0
,shufflenetv2_1882,29.708,0
,shufflenetv2_418,26.901,0
,shufflenetv2_1799,24.658,0
,shufflenetv2_565,32.615,0
,shufflenetv2_1424,28.923,0
,shufflenetv2_898,35.688,0
,shufflenetv2_586,36.928,0
,shufflenetv2_1635,24.150,0
,shufflenetv2_1588,29.147,0
,shufflenetv2_1126,30.230,0
,shufflenetv2_151,27.983,0
,shufflenetv2_996,32.509,0
,shufflenetv2_1801,27.432,0
,shufflenetv2_1550,33.309,0
,shufflenetv2_1817,28.723,0
,shufflenetv2_1453,27.682,0
,shufflenetv2_442,27.668,0
,shufflenetv2_1327,28.661,0
,shufflenetv2_1786,26.440,0
,shufflenetv2_1310,31.183,0
,shufflenetv2_184,28.068,0
,shufflenetv2_1340,34.102,0
,shufflenetv2_29,31.627,0
,shufflenetv2_717,30.104,0
,shufflenetv2_1994,27.994,0
,shufflenetv2_340,31.633,0
,shufflenetv2_1780,26.547,0
,shufflenetv2_1423,34.158,0
,shufflenetv2_194,34.369,0
,shufflenetv2_339,33.155,0
,shufflenetv2_1644,30.633,0
,shufflenetv2_999,30.460,0
,shufflenetv2_804,33.679,0
,shufflenetv2_1692,33.035,0
,shufflenetv2_691,30.760,0
,shufflenetv2_1956,35.533,0
,shufflenetv2_1535,29.075,0
,shufflenetv2_668,29.453,0
,shufflenetv2_1949,32.649,0
,shufflenetv2_1775,32.394,0
,shufflenetv2_445,34.276,0
,shufflenetv2_831,37.739,0
,shufflenetv2_1741,31.641,0
,shufflenetv2_846,32.560,0
,shufflenetv2_1557,35.999,0
,shufflenetv2_125,29.972,0
,shufflenetv2_1690,34.747,0
,shufflenetv2_1003,28.576,0
,shufflenetv2_226,28.629,0
,shufflenetv2_1960,30.829,0
,shufflenetv2_1204,28.360,0
,shufflenetv2_56,36.559,0
,shufflenetv2_217,28.652,0
,shufflenetv2_468,36.119,0
,shufflenetv2_1296,27.222,0
,shufflenetv2_1791,27.196,0
,shufflenetv2_780,24.644,0
,shufflenetv2_487,28.143,0
,shufflenetv2_1236,28.003,0
,shufflenetv2_83,31.189,0
,shufflenetv2_1662,27.650,0
,shufflenetv2_4,26.995,0
,shufflenetv2_1652,31.217,0
,shufflenetv2_771,29.947,0
,shufflenetv2_492,34.189,0
,shufflenetv2_1427,28.732,0
,shufflenetv2_1331,34.105,0
,shufflenetv2_1291,28.981,0
,shufflenetv2_1785,29.594,0
,shufflenetv2_1168,35.450,0
,shufflenetv2_1436,29.312,0
,shufflenetv2_1540,26.623,0
,shufflenetv2_1619,28.468,0
,shufflenetv2_263,28.719,0
,shufflenetv2_1109,42.027,0
,shufflenetv2_1794,32.709,0
,shufflenetv2_680,32.085,0
,shufflenetv2_348,27.897,0
,shufflenetv2_1921,35.213,0
,shufflenetv2_1715,31.705,0
,shufflenetv2_1704,30.828,0
,shufflenetv2_1922,25.564,0
,shufflenetv2_757,28.485,0
,shufflenetv2_662,31.646,0
,shufflenetv2_672,30.991,0
,shufflenetv2_376,35.138,0
,shufflenetv2_478,29.811,0
,shufflenetv2_1472,40.601,0
,shufflenetv2_789,25.999,0
,shufflenetv2_1637,31.637,0
,shufflenetv2_178,30.614,0
,shufflenetv2_39,30.346,0
,shufflenetv2_150,29.079,0
,shufflenetv2_1378,36.042,0
,shufflenetv2_1055,29.241,0
,shufflenetv2_1947,29.687,0
,shufflenetv2_962,30.566,0
,shufflenetv2_632,30.225,0
,shufflenetv2_638,28.714,0
,shufflenetv2_1494,30.294,0
,shufflenetv2_300,30.366,0
,shufflenetv2_1666,30.972,0
,shufflenetv2_1892,31.494,0
,shufflenetv2_234,28.558,0
,shufflenetv2_373,32.634,0
,shufflenetv2_1597,28.700,0
,shufflenetv2_705,34.169,0
,shufflenetv2_823,36.346,0
,shufflenetv2_1549,30.806,0
,shufflenetv2_749,35.056,0
,shufflenetv2_627,24.938,0
,shufflenetv2_1355,31.493,0
,shufflenetv2_15,29.818,0
,shufflenetv2_991,32.720,0
,shufflenetv2_1390,27.915,0
,shufflenetv2_458,22.852,0
,shufflenetv2_1246,33.467,0
,shufflenetv2_438,25.748,0
,shufflenetv2_1764,28.209,0
,shufflenetv2_765,29.687,0
,shufflenetv2_268,32.835,0
,shufflenetv2_167,26.127,0
,shufflenetv2_1314,29.480,0
,shufflenetv2_1488,31.862,0
,shufflenetv2_856,28.348,0
,shufflenetv2_1352,31.939,0
,shufflenetv2_363,27.932,0
,shufflenetv2_950,36.673,0
,shufflenetv2_1081,26.717,0
,shufflenetv2_1103,25.088,0
,shufflenetv2_753,36.638,0
,shufflenetv2_658,26.866,0
,shufflenetv2_1686,28.452,0
,shufflenetv2_1586,34.616,0
,shufflenetv2_460,27.220,0
,shufflenetv2_1490,27.680,0
,shufflenetv2_1036,34.125,0
,shufflenetv2_22,34.016,0
,shufflenetv2_1663,24.328,0
,shufflenetv2_679,30.436,0
,shufflenetv2_1868,31.858,0
,shufflenetv2_1556,26.695,0
,shufflenetv2_183,27.163,0
,shufflenetv2_1655,30.966,0
,shufflenetv2_266,38.280,0
,shufflenetv2_1638,31.324,0
,shufflenetv2_556,29.336,0
,shufflenetv2_174,34.066,0
,shufflenetv2_165,23.744,0
,shufflenetv2_623,30.936,0
,shufflenetv2_1209,33.505,0
,shufflenetv2_1744,38.773,0
,shufflenetv2_1132,36.303,0
,shufflenetv2_1607,30.430,0
,shufflenetv2_1887,36.896,0
,shufflenetv2_1199,38.145,0
,shufflenetv2_1273,35.531,0
,shufflenetv2_930,34.258,0
,shufflenetv2_407,30.202,0
,shufflenetv2_507,31.908,0
,shufflenetv2_1365,33.227,0
,shufflenetv2_971,29.520,0
,shufflenetv2_599,28.562,0
,shufflenetv2_1832,25.248,0
,shufflenetv2_1937,31.009,0
,shufflenetv2_423,28.383,0
,shufflenetv2_1800,35.297,0
,shufflenetv2_405,32.443,0
,shufflenetv2_1426,36.284,0
,shufflenetv2_1914,26.979,0
,shufflenetv2_1849,32.004,0
,shufflenetv2_1567,37.136,0
,shufflenetv2_1346,25.292,0
,shufflenetv2_1680,28.600,0
,shufflenetv2_1667,27.553,0
,shufflenetv2_1761,27.730,0
,shufflenetv2_1848,29.255,0
,shufflenetv2_1245,32.771,0
,shufflenetv2_1156,31.450,0
,shufflenetv2_1267,31.983,0
,shufflenetv2_415,31.893,0
,shufflenetv2_386,30.926,0
,shufflenetv2_146,34.016,0
,shufflenetv2_1054,28.248,0
,shufflenetv2_1405,41.322,0
,shufflenetv2_1853,28.577,0
,shufflenetv2_728,28.992,0
,shufflenetv2_0,20.865,0
,shufflenetv2_1572,38.678,0
,shufflenetv2_585,37.470,0
,shufflenetv2_913,25.761,0
,shufflenetv2_612,27.399,0
,shufflenetv2_434,34.888,0
,shufflenetv2_558,34.100,0
,shufflenetv2_761,28.769,0
,shufflenetv2_972,28.727,0
,shufflenetv2_1470,33.981,0
,shufflenetv2_874,33.388,0
,shufflenetv2_597,28.769,0
,shufflenetv2_1595,26.513,0
,shufflenetv2_288,33.849,0
,shufflenetv2_1149,27.522,0
,shufflenetv2_1527,30.251,0
,shufflenetv2_1083,33.320,0
,shufflenetv2_1010,26.437,0
,shufflenetv2_935,33.096,0
,shufflenetv2_1951,32.938,0
,shufflenetv2_1740,29.507,0
,shufflenetv2_580,36.991,0
,shufflenetv2_1358,29.273,0
,shufflenetv2_1514,29.164,0
,shufflenetv2_437,27.045,0
,shufflenetv2_1573,28.801,0
,shufflenetv2_120,31.983,0
,shufflenetv2_910,33.669,0
,shufflenetv2_862,28.932,0
,shufflenetv2_1262,23.185,0
,shufflenetv2_426,33.507,0
,shufflenetv2_563,24.646,0
,shufflenetv2_1678,28.427,0
,shufflenetv2_390,36.686,0
,shufflenetv2_738,31.279,0
,shufflenetv2_49,30.525,0
,shufflenetv2_1076,31.548,0
,shufflenetv2_1337,34.571,0
,shufflenetv2_630,31.982,0
,shufflenetv2_1788,25.057,0
,shufflenetv2_981,31.839,0
,shufflenetv2_75,32.448,0
,shufflenetv2_1078,33.538,0
,shufflenetv2_1170,28.558,0
,shufflenetv2_1701,30.013,0
,shufflenetv2_170,32.330,0
,shufflenetv2_933,29.822,0
,shufflenetv2_430,24.797,0
,shufflenetv2_854,36.843,0
,shufflenetv2_1939,35.546,0
,shufflenetv2_241,30.655,0
,shufflenetv2_193,27.969,0
,shufflenetv2_1102,30.201,0
,shufflenetv2_1342,27.673,0
,shufflenetv2_1618,23.084,0
,shufflenetv2_1093,27.111,0
,shufflenetv2_1043,26.795,0
,shufflenetv2_1970,30.490,0
,shufflenetv2_926,25.368,0
,shufflenetv2_144,27.282,0
,shufflenetv2_547,34.835,0
,shufflenetv2_540,36.285,0
,shufflenetv2_1374,29.531,0
,shufflenetv2_505,27.584,0
,shufflenetv2_807,38.634,0
,shufflenetv2_1913,28.107,0
,shufflenetv2_726,34.488,0
,shufflenetv2_1805,27.023,0
,shufflenetv2_1596,32.941,0
,shufflenetv2_378,25.433,0
,shufflenetv2_1030,30.939,0
,shufflenetv2_681,25.571,0
,shufflenetv2_1476,26.460,0
,shufflenetv2_799,36.366,0
,shufflenetv2_1045,25.714,0
,shufflenetv2_211,30.848,0
,shufflenetv2_696,28.674,0
,shufflenetv2_2,29.628,0
,shufflenetv2_1946,31.866,0
,shufflenetv2_953,28.455,0
,shufflenetv2_1739,32.121,0
,shufflenetv2_1566,26.275,0
,shufflenetv2_1776,31.749,0
,shufflenetv2_1945,28.256,0
,shufflenetv2_969,29.047,0
,shufflenetv2_1751,28.334,0
,shufflenetv2_572,23.038,0
,shufflenetv2_1930,32.558,0
,shufflenetv2_113,30.748,0
,shufflenetv2_388,28.333,0
,shufflenetv2_1870,29.156,0
,shufflenetv2_1745,27.382,0
,shufflenetv2_1530,30.072,0
,shufflenetv2_676,29.091,0
,shufflenetv2_1995,34.371,0
,shufflenetv2_1185,32.771,0
,shufflenetv2_1632,29.615,0
,shufflenetv2_715,26.790,0
,shufflenetv2_727,43.068,0
,shufflenetv2_723,28.743,0
,shufflenetv2_719,33.995,0
,shufflenetv2_1177,34.497,0
,shufflenetv2_918,28.718,0
,shufflenetv2_462,32.805,0
,shufflenetv2_213,31.134,0
,shufflenetv2_347,25.929,0
,shufflenetv2_1900,32.157,0
,shufflenetv2_1497,30.589,0
,shufflenetv2_570,36.192,0
,shufflenetv2_1361,31.676,0
,shufflenetv2_406,35.304,0
,shufflenetv2_557,27.742,0
,shufflenetv2_171,31.795,0
,shufflenetv2_1475,32.894,0
,shufflenetv2_538,34.288,0
,shufflenetv2_1362,32.803,0
,shufflenetv2_1263,28.912,0
,shufflenetv2_568,26.327,0
,shufflenetv2_1907,26.250,0
,shufflenetv2_1646,31.084,0
,shufflenetv2_1401,32.380,0
,shufflenetv2_1099,26.825,0
,shufflenetv2_482,32.134,0
,shufflenetv2_1354,32.279,0
,shufflenetv2_729,28.422,0
,shufflenetv2_201,26.623,0
,shufflenetv2_510,27.049,0
,shufflenetv2_58,38.025,0
,shufflenetv2_1984,28.559,0
,shufflenetv2_1251,31.388,0
,shufflenetv2_800,26.912,0
,shufflenetv2_1000,32.818,0
,shufflenetv2_1691,26.851,0
,shufflenetv2_770,30.522,0
,shufflenetv2_1184,30.778,0
,shufflenetv2_650,24.314,0
,shufflenetv2_713,35.994,0
,shufflenetv2_237,27.957,0
,shufflenetv2_1999,37.302,0
,shufflenetv2_97,30.466,0
,shufflenetv2_1425,39.846,0
,shufflenetv2_625,35.194,0
,shufflenetv2_529,28.790,0
,shufflenetv2_1558,35.669,0
,shufflenetv2_199,28.912,0
,shufflenetv2_1948,32.472,0
,shufflenetv2_1850,38.341,0
,shufflenetv2_1408,25.235,0
,shufflenetv2_1969,28.112,0
,shufflenetv2_1271,33.091,0
,shufflenetv2_1963,28.886,0
,shufflenetv2_744,30.608,0
,shufflenetv2_798,32.833,0
,shufflenetv2_694,34.319,0
,shufflenetv2_166,28.144,0
,shufflenetv2_1449,30.336,0
,shufflenetv2_1604,26.938,0
,shufflenetv2_392,34.720,0
,shufflenetv2_1673,32.448,0
,shufflenetv2_1387,29.699,0
,shufflenetv2_592,32.404,0
,shufflenetv2_578,34.427,0
,shufflenetv2_1717,28.582,0
,shufflenetv2_1974,27.328,0
,shufflenetv2_1301,29.551,0
,shufflenetv2_583,29.495,0
,shufflenetv2_669,31.496,0
,shufflenetv2_1456,31.650,0
,shufflenetv2_1636,31.576,0
,shufflenetv2_185,37.413,0
,shufflenetv2_162,32.510,0
,shufflenetv2_387,28.147,0
,shufflenetv2_1320,28.984,0
,shufflenetv2_649,34.547,0
,shufflenetv2_1903,28.982,0
,shufflenetv2_1308,24.369,0
,shufflenetv2_1011,31.729,0
,shufflenetv2_502,26.526,0
,shufflenetv2_1822,31.610,0
,shufflenetv2_1917,31.972,0
,shufflenetv2_411,25.091,0
,shufflenetv2_232,25.694,0
,shufflenetv2_840,25.779,0
,shufflenetv2_1222,29.149,0
,shufflenetv2_1288,27.259,0
,shufflenetv2_269,32.224,0
,shufflenetv2_1908,26.639,0
,shufflenetv2_1575,30.038,0
,shufflenetv2_1345,28.840,0
,shufflenetv2_1335,26.868,0
,shufflenetv2_1688,37.738,0
,shufflenetv2_1769,27.581,0
,shufflenetv2_633,37.060,0
,shufflenetv2_280,26.864,0
,shufflenetv2_1750,31.897,0
,shufflenetv2_897,32.739,0
,shufflenetv2_863,26.287,0
,shufflenetv2_491,31.156,0
,shufflenetv2_1224,27.575,0
,shufflenetv2_200,28.268,0
,shufflenetv2_1082,28.384,0
,shufflenetv2_698,30.218,0
,shufflenetv2_605,26.303,0
,shufflenetv2_896,34.495,0
,shufflenetv2_81,37.567,0
,shufflenetv2_475,24.739,0
,shufflenetv2_1161,28.988,0
,shufflenetv2_1304,29.950,0
,shufflenetv2_646,26.290,0
,shufflenetv2_1713,30.092,0
,shufflenetv2_1321,35.914,0
,shufflenetv2_187,25.509,0
,shufflenetv2_1079,25.869,0
,shufflenetv2_603,30.527,0
,shufflenetv2_270,27.020,0
,shufflenetv2_611,27.759,0
,shufflenetv2_186,29.383,0
,shufflenetv2_671,29.930,0
,shufflenetv2_1759,30.066,0
,shufflenetv2_832,30.854,0
,shufflenetv2_1962,28.548,0
,shufflenetv2_1428,26.350,0
,shufflenetv2_1016,35.257,0
,shufflenetv2_1679,33.351,0
,shufflenetv2_275,33.617,0
,shufflenetv2_919,27.383,0
,shufflenetv2_1885,26.359,0
,shufflenetv2_219,33.281,0
,shufflenetv2_808,24.849,0
,shufflenetv2_205,30.733,0
,shufflenetv2_1382,27.139,0
,shufflenetv2_1952,33.914,0
,shufflenetv2_1484,27.841,0
,shufflenetv2_1463,34.513,0
,shufflenetv2_1445,32.358,0
,shufflenetv2_1628,27.340,0
,shufflenetv2_810,28.408,0
,shufflenetv2_490,34.876,0
,shufflenetv2_1552,33.450,0
,shufflenetv2_534,25.611,0
,shufflenetv2_607,30.827,0
,shufflenetv2_320,30.689,0
,shufflenetv2_1122,23.463,0
,shufflenetv2_559,28.334,0
,shufflenetv2_1046,31.937,0
,shufflenetv2_758,27.461,0
,shufflenetv2_1521,36.177,0
,shufflenetv2_324,33.778,0
,shufflenetv2_497,32.340,0
,shufflenetv2_323,36.073,0
,shufflenetv2_1738,28.863,0
,shufflenetv2_1120,30.258,0
,shufflenetv2_709,27.741,0
,shufflenetv2_181,27.940,0
,shufflenetv2_291,32.708,0
,shufflenetv2_244,27.806,0
,shufflenetv2_172,25.769,0
,shufflenetv2_1935,28.777,0
,shufflenetv2_1625,28.873,0
,shufflenetv2_1993,31.430,0
,shufflenetv2_1671,34.930,0
,shufflenetv2_764,33.118,0
,shufflenetv2_786,29.730,0
,shufflenetv2_683,30.932,0
,shufflenetv2_1599,27.915,0
,shufflenetv2_1230,30.440,0
,shufflenetv2_1709,26.607,0
,shufflenetv2_1852,31.226,0
,shufflenetv2_1112,31.288,0
,shufflenetv2_1440,26.942,0
,shufflenetv2_1403,31.905,0
,shufflenetv2_524,28.158,0
,shufflenetv2_1442,26.724,0
,shufflenetv2_360,26.858,0
,shufflenetv2_338,31.707,0
,shufflenetv2_72,33.814,0
,shufflenetv2_951,31.528,0
,shufflenetv2_675,28.224,0
,shufflenetv2_1116,31.778,0
,shufflenetv2_215,33.010,0
,shufflenetv2_1044,28.283,0
,shufflenetv2_231,31.934,0
,shufflenetv2_1896,29.526,0
,shufflenetv2_1773,26.023,0
,shufflenetv2_20,28.309,0
,shufflenetv2_1266,37.503,0
,shufflenetv2_1807,24.948,0
,shufflenetv2_716,34.048,0
,shufflenetv2_1668,31.002,0
,shufflenetv2_1391,30.303,0
,shufflenetv2_959,23.309,0
,shufflenetv2_1258,28.617,0
,shufflenetv2_295,31.217,0
,shufflenetv2_1127,37.905,0
,shufflenetv2_500,29.210,0
,shufflenetv2_1140,32.303,0
,shufflenetv2_1726,25.043,0
,shufflenetv2_967,28.496,0
,shufflenetv2_304,35.279,0
,shufflenetv2_1357,23.398,0
,shufflenetv2_1542,33.699,0
,shufflenetv2_1705,35.149,0
,shufflenetv2_43,28.881,0
,shufflenetv2_751,29.899,0
,shufflenetv2_1722,31.363,0
,shufflenetv2_1931,30.324,0
,shufflenetv2_1796,34.391,0
,shufflenetv2_1299,33.726,0
,shufflenetv2_1096,28.285,0
,shufflenetv2_1893,35.438,0
,shufflenetv2_1955,31.343,0
,shufflenetv2_1124,29.526,0
,shufflenetv2_870,28.105,0
,shufflenetv2_1669,37.052,0
,shufflenetv2_805,33.635,0
,shufflenetv2_1506,28.240,0
,shufflenetv2_1816,31.438,0
,shufflenetv2_1233,25.110,0
,shufflenetv2_742,30.648,0
,shufflenetv2_331,30.193,0
,shufflenetv2_1282,28.188,0
,shufflenetv2_292,31.897,0
,shufflenetv2_517,30.261,0
,shufflenetv2_262,33.652,0
,shufflenetv2_888,27.295,0
,shufflenetv2_512,26.855,0
,shufflenetv2_1651,30.912,0
,shufflenetv2_879,27.194,0
,shufflenetv2_1157,31.711,0
,shufflenetv2_1295,37.841,0
,shufflenetv2_1569,32.110,0
,shufflenetv2_906,26.777,0
,shufflenetv2_1959,33.067,0
,shufflenetv2_1257,31.016,0
,shufflenetv2_1920,29.752,0
,shufflenetv2_1656,33.232,0
,shufflenetv2_1808,33.143,0
,shufflenetv2_735,28.551,0
,shufflenetv2_1165,30.019,0
,shufflenetv2_48,40.582,0
,shufflenetv2_1302,31.134,0
,shufflenetv2_1058,31.547,0
,shufflenetv2_1593,30.591,0
,shufflenetv2_1256,34.975,0
,shufflenetv2_1162,39.522,0
,shufflenetv2_16,32.318,0
,shufflenetv2_1714,32.293,0
,shufflenetv2_1479,31.768,0
,shufflenetv2_64,29.634,0
,shufflenetv2_276,30.495,0
,shufflenetv2_240,28.910,0
,shufflenetv2_1134,28.221,0
,shufflenetv2_546,29.840,0
,shufflenetv2_1021,24.717,0
,shufflenetv2_872,29.304,0
,shufflenetv2_1018,28.930,0
,shufflenetv2_1833,26.961,0
,shufflenetv2_576,27.646,0
,shufflenetv2_1125,29.386,0
,shufflenetv2_25,28.782,0
,shufflenetv2_928,29.638,0
,shufflenetv2_1875,28.466,0
,shufflenetv2_91,31.626,0
,shufflenetv2_1876,35.155,0
,shufflenetv2_1031,27.019,0
,shufflenetv2_1729,30.869,0
,shufflenetv2_119,35.829,0
,shufflenetv2_1770,25.299,0
