,squeezenet_1270,25.993,0
,squeezenet_583,15.893,0
,squeezenet_1778,16.086,0
,squeezenet_576,22.092,0
,squeezenet_1333,14.998,0
,squeezenet_376,18.789,0
,squeezenet_1773,11.229,0
,squeezenet_1605,9.088,0
,squeezenet_1010,17.278,0
,squeezenet_817,41.647,0
,squeezenet_1806,40.595,0
,squeezenet_1022,16.324,0
,squeezenet_90,28.056,0
,squeezenet_1620,17.139,0
,squeezenet_1668,20.312,0
,squeezenet_405,25.440,0
,squeezenet_1319,16.855,0
,squeezenet_1481,12.759,0
,squeezenet_229,14.419,0
,squeezenet_9,11.644,0
,squeezenet_1269,25.219,0
,squeezenet_1079,32.410,0
,squeezenet_1905,31.044,0
,squeezenet_1367,16.126,0
,squeezenet_1848,8.586,0
,squeezenet_1917,19.097,0
,squeezenet_1436,15.481,0
,squeezenet_1702,10.793,0
,squeezenet_492,19.078,0
,squeezenet_28,12.556,0
,squeezenet_1261,23.816,0
,squeezenet_1769,13.811,0
,squeezenet_1134,8.079,0
,squeezenet_920,12.694,0
,squeezenet_906,20.086,0
,squeezenet_326,31.960,0
,squeezenet_696,16.408,0
,squeezenet_1730,19.788,0
,squeezenet_1860,26.624,0
,squeezenet_284,18.054,0
,squeezenet_992,18.223,0
,squeezenet_641,19.511,0
,squeezenet_1292,45.269,0
,squeezenet_1745,21.912,0
,squeezenet_1949,10.216,0
,squeezenet_384,14.398,0
,squeezenet_219,12.315,0
,squeezenet_1148,17.139,0
,squeezenet_1644,11.281,0
,squeezenet_897,18.942,0
,squeezenet_12,12.117,0
,squeezenet_359,16.263,0
,squeezenet_298,18.403,0
,squeezenet_1400,40.312,0
,squeezenet_1955,14.482,0
,squeezenet_171,10.588,0
,squeezenet_85,10.268,0
,squeezenet_1943,25.381,0
,squeezenet_927,16.106,0
,squeezenet_1027,19.005,0
,squeezenet_1592,24.639,0
,squeezenet_766,10.765,0
,squeezenet_1407,17.652,0
,squeezenet_885,19.724,0
,squeezenet_813,13.100,0
,squeezenet_593,16.226,0
,squeezenet_101,16.229,0
,squeezenet_218,16.589,0
,squeezenet_830,17.750,0
,squeezenet_866,12.829,0
,squeezenet_1725,26.890,0
,squeezenet_794,17.524,0
,squeezenet_1515,16.090,0
,squeezenet_825,24.799,0
,squeezenet_898,16.219,0
,squeezenet_1557,11.360,0
,squeezenet_1035,9.480,0
,squeezenet_467,21.930,0
,squeezenet_565,17.816,0
,squeezenet_270,18.663,0
,squeezenet_138,13.558,0
,squeezenet_1381,13.419,0
,squeezenet_993,21.839,0
,squeezenet_1421,16.456,0
,squeezenet_458,28.941,0
,squeezenet_1752,25.543,0
,squeezenet_98,30.969,0
,squeezenet_1306,39.377,0
,squeezenet_1017,36.502,0
,squeezenet_38,13.300,0
,squeezenet_655,14.300,0
,squeezenet_1577,32.793,0
,squeezenet_10,17.379,0
,squeezenet_910,41.434,0
,squeezenet_1708,25.137,0
,squeezenet_1380,10.199,0
,squeezenet_569,13.910,0
,squeezenet_1501,36.981,0
,squeezenet_1177,12.122,0
,squeezenet_279,18.582,0
,squeezenet_197,16.828,0
,squeezenet_685,6.973,0
,squeezenet_1444,31.489,0
,squeezenet_550,9.746,0
,squeezenet_1706,8.805,0
,squeezenet_1399,22.793,0
,squeezenet_177,21.803,0
,squeezenet_925,18.995,0
,squeezenet_707,8.907,0
,squeezenet_1512,12.616,0
,squeezenet_357,11.677,0
,squeezenet_613,14.592,0
,squeezenet_1766,14.594,0
,squeezenet_1264,17.611,0
,squeezenet_948,18.152,0
,squeezenet_888,17.282,0
,squeezenet_1895,11.139,0
,squeezenet_1061,16.438,0
,squeezenet_54,10.072,0
,squeezenet_256,15.861,0
,squeezenet_501,18.209,0
,squeezenet_1284,34.872,0
,squeezenet_398,20.825,0
,squeezenet_32,50.076,0
,squeezenet_1154,21.337,0
,squeezenet_1170,10.736,0
,squeezenet_781,33.460,0
,squeezenet_1338,13.181,0
,squeezenet_181,18.090,0
,squeezenet_823,11.782,0
,squeezenet_1937,16.929,0
,squeezenet_1814,22.394,0
,squeezenet_1629,9.386,0
,squeezenet_933,13.246,0
,squeezenet_670,22.809,0
,squeezenet_1621,13.565,0
,squeezenet_476,11.034,0
,squeezenet_191,26.544,0
,squeezenet_1174,15.691,0
,squeezenet_1980,15.488,0
,squeezenet_988,26.717,0
,squeezenet_1145,22.524,0
,squeezenet_1961,11.048,0
,squeezenet_1120,8.680,0
,squeezenet_1315,8.983,0
,squeezenet_1875,18.964,0
,squeezenet_829,34.508,0
,squeezenet_546,19.950,0
,squeezenet_739,14.990,0
,squeezenet_1571,14.179,0
,squeezenet_278,29.117,0
,squeezenet_438,34.522,0
,squeezenet_1205,12.003,0
,squeezenet_1843,24.969,0
,squeezenet_1188,14.938,0
,squeezenet_1823,20.128,0
,squeezenet_26,30.190,0
,squeezenet_31,23.750,0
,squeezenet_1833,20.738,0
,squeezenet_170,10.683,0
,squeezenet_1781,10.962,0
,squeezenet_1580,22.835,0
,squeezenet_254,52.716,0
,squeezenet_417,16.947,0
,squeezenet_553,21.042,0
,squeezenet_1334,22.747,0
,squeezenet_913,23.493,0
,squeezenet_1767,12.001,0
,squeezenet_776,19.146,0
,squeezenet_407,19.016,0
,squeezenet_572,17.673,0
,squeezenet_1030,17.735,0
,squeezenet_1452,16.303,0
,squeezenet_321,25.522,0
,squeezenet_978,29.670,0
,squeezenet_1533,11.624,0
,squeezenet_470,16.660,0
,squeezenet_1235,25.656,0
,squeezenet_1990,35.713,0
,squeezenet_877,15.609,0
,squeezenet_990,27.641,0
,squeezenet_1877,22.288,0
,squeezenet_176,12.282,0
,squeezenet_1640,10.527,0
,squeezenet_183,11.283,0
,squeezenet_1956,14.551,0
,squeezenet_1699,20.626,0
,squeezenet_66,15.121,0
,squeezenet_942,21.955,0
,squeezenet_126,46.253,0
,squeezenet_932,14.542,0
,squeezenet_599,13.764,0
,squeezenet_1449,44.608,0
,squeezenet_1369,34.701,0
,squeezenet_161,14.249,0
,squeezenet_1939,17.506,0
,squeezenet_1964,20.193,0
,squeezenet_644,12.947,0
,squeezenet_75,10.724,0
,squeezenet_246,18.982,0
,squeezenet_1874,35.142,0
,squeezenet_1280,33.313,0
,squeezenet_238,14.918,0
,squeezenet_1386,29.983,0
,squeezenet_108,11.449,0
,squeezenet_156,13.814,0
,squeezenet_856,16.677,0
,squeezenet_318,22.573,0
,squeezenet_1065,30.850,0
,squeezenet_153,19.953,0
,squeezenet_556,40.755,0
,squeezenet_1601,39.917,0
,squeezenet_341,17.496,0
,squeezenet_351,20.707,0
,squeezenet_1273,16.260,0
,squeezenet_1313,17.626,0
,squeezenet_120,11.833,0
,squeezenet_1839,20.737,0
,squeezenet_1946,18.746,0
,squeezenet_1607,15.014,0
,squeezenet_1891,18.636,0
,squeezenet_395,20.074,0
,squeezenet_1382,18.848,0
,squeezenet_1969,15.358,0
,squeezenet_364,7.949,0
,squeezenet_639,16.466,0
,squeezenet_347,10.306,0
,squeezenet_1863,10.552,0
,squeezenet_205,15.614,0
,squeezenet_1970,31.138,0
,squeezenet_1428,28.576,0
,squeezenet_1938,25.598,0
,squeezenet_1296,13.042,0
,squeezenet_851,20.325,0
,squeezenet_1790,34.185,0
,squeezenet_1742,20.030,0
,squeezenet_1362,30.604,0
,squeezenet_1203,18.166,0
,squeezenet_1355,12.183,0
,squeezenet_1485,21.786,0
,squeezenet_1962,17.043,0
,squeezenet_965,14.684,0
,squeezenet_1523,45.542,0
,squeezenet_289,41.928,0
,squeezenet_1703,12.628,0
,squeezenet_1631,15.215,0
,squeezenet_1379,42.388,0
,squeezenet_249,12.193,0
,squeezenet_345,18.886,0
,squeezenet_17,14.881,0
,squeezenet_1978,23.015,0
,squeezenet_1479,18.182,0
,squeezenet_1476,8.330,0
,squeezenet_559,15.292,0
,squeezenet_1332,13.173,0
,squeezenet_1222,32.119,0
,squeezenet_329,27.925,0
,squeezenet_414,11.289,0
,squeezenet_1968,26.810,0
,squeezenet_1016,18.940,0
,squeezenet_908,41.794,0
,squeezenet_953,11.378,0
,squeezenet_1602,13.389,0
,squeezenet_208,20.104,0
,squeezenet_955,15.169,0
,squeezenet_373,16.428,0
,squeezenet_485,15.156,0
,squeezenet_596,15.291,0
,squeezenet_1181,9.035,0
,squeezenet_312,10.104,0
,squeezenet_435,32.510,0
,squeezenet_1448,19.142,0
,squeezenet_1240,10.111,0
,squeezenet_1459,21.058,0
,squeezenet_1617,24.735,0
,squeezenet_339,14.172,0
,squeezenet_1670,17.418,0
,squeezenet_1278,12.666,0
,squeezenet_631,9.336,0
,squeezenet_1890,21.419,0
,squeezenet_1727,24.501,0
,squeezenet_1323,12.549,0
,squeezenet_1440,18.026,0
,squeezenet_1026,14.694,0
,squeezenet_454,17.370,0
,squeezenet_1250,26.454,0
,squeezenet_1307,12.035,0
,squeezenet_1804,19.815,0
,squeezenet_1886,30.514,0
,squeezenet_445,20.240,0
,squeezenet_1050,22.980,0
,squeezenet_418,21.720,0
,squeezenet_1258,24.366,0
,squeezenet_64,14.380,0
,squeezenet_1609,15.412,0
,squeezenet_658,23.427,0
,squeezenet_511,10.240,0
,squeezenet_1166,38.070,0
,squeezenet_519,15.881,0
,squeezenet_1312,41.086,0
,squeezenet_1936,19.513,0
,squeezenet_1931,10.269,0
,squeezenet_875,20.592,0
,squeezenet_1376,13.002,0
,squeezenet_1466,14.897,0
,squeezenet_721,14.605,0
,squeezenet_225,13.679,0
,squeezenet_1646,15.650,0
,squeezenet_11,10.156,0
,squeezenet_510,20.955,0
,squeezenet_1591,16.821,0
,squeezenet_200,40.075,0
,squeezenet_1801,18.394,0
,squeezenet_21,29.387,0
,squeezenet_146,18.748,0
,squeezenet_1084,27.917,0
,squeezenet_1430,26.778,0
,squeezenet_1080,35.880,0
,squeezenet_1475,23.362,0
,squeezenet_1343,14.329,0
,squeezenet_48,16.757,0
,squeezenet_640,12.615,0
,squeezenet_879,16.603,0
,squeezenet_104,11.244,0
,squeezenet_785,11.575,0
,squeezenet_975,27.910,0
,squeezenet_1322,28.771,0
,squeezenet_765,29.448,0
,squeezenet_1562,17.211,0
,squeezenet_1244,16.748,0
,squeezenet_977,10.483,0
,squeezenet_967,11.627,0
,squeezenet_960,15.471,0
,squeezenet_1456,12.262,0
,squeezenet_844,23.918,0
,squeezenet_966,13.570,0
,squeezenet_1372,10.683,0
,squeezenet_1637,13.672,0
,squeezenet_406,10.991,0
,squeezenet_37,18.646,0
,squeezenet_1535,23.173,0
,squeezenet_157,15.622,0
,squeezenet_201,28.850,0
,squeezenet_1081,23.302,0
,squeezenet_1715,25.578,0
,squeezenet_791,16.439,0
,squeezenet_471,13.542,0
,squeezenet_390,29.768,0
,squeezenet_143,18.496,0
,squeezenet_950,21.794,0
,squeezenet_416,22.189,0
,squeezenet_643,26.428,0
,squeezenet_798,22.407,0
,squeezenet_46,17.403,0
,squeezenet_681,24.600,0
,squeezenet_588,15.247,0
,squeezenet_1339,19.968,0
,squeezenet_1182,38.998,0
,squeezenet_1837,23.761,0
,squeezenet_629,13.657,0
,squeezenet_602,9.953,0
,squeezenet_673,36.882,0
,squeezenet_182,25.795,0
,squeezenet_1995,36.868,0
,squeezenet_1127,32.856,0
,squeezenet_1596,30.697,0
,squeezenet_363,29.440,0
,squeezenet_1816,9.671,0
,squeezenet_178,24.348,0
,squeezenet_970,9.655,0
,squeezenet_1800,15.164,0
,squeezenet_421,20.005,0
,squeezenet_1051,13.786,0
,squeezenet_619,24.069,0
,squeezenet_612,16.912,0
,squeezenet_463,16.053,0
,squeezenet_843,11.710,0
,squeezenet_911,15.142,0
,squeezenet_94,15.631,0
,squeezenet_1432,41.096,0
,squeezenet_227,10.815,0
,squeezenet_1208,16.243,0
,squeezenet_538,24.208,0
,squeezenet_1882,18.387,0
,squeezenet_295,11.134,0
,squeezenet_202,11.998,0
,squeezenet_1619,34.434,0
,squeezenet_222,13.820,0
,squeezenet_1850,15.058,0
,squeezenet_1413,10.980,0
,squeezenet_1585,16.770,0
,squeezenet_778,28.929,0
,squeezenet_1784,17.488,0
,squeezenet_80,25.010,0
,squeezenet_1985,34.595,0
,squeezenet_516,13.370,0
,squeezenet_848,17.434,0
,squeezenet_1446,30.289,0
,squeezenet_1655,18.437,0
,squeezenet_1520,17.486,0
,squeezenet_1453,10.282,0
,squeezenet_251,41.862,0
,squeezenet_527,18.213,0
,squeezenet_391,15.661,0
,squeezenet_1834,32.467,0
,squeezenet_1659,17.725,0
,squeezenet_1974,18.447,0
,squeezenet_1447,11.950,0
,squeezenet_1944,19.560,0
,squeezenet_1597,17.659,0
,squeezenet_354,21.156,0
,squeezenet_1635,11.190,0
,squeezenet_1366,11.598,0
,squeezenet_1337,12.345,0
,squeezenet_1492,18.404,0
,squeezenet_983,22.532,0
,squeezenet_563,18.082,0
,squeezenet_1038,16.444,0
,squeezenet_1025,15.554,0
,squeezenet_1246,25.066,0
,squeezenet_214,15.279,0
,squeezenet_1132,46.740,0
,squeezenet_973,18.438,0
,squeezenet_1582,26.578,0
,squeezenet_111,19.219,0
,squeezenet_797,28.760,0
,squeezenet_30,27.005,0
,squeezenet_905,16.280,0
,squeezenet_1161,20.307,0
,squeezenet_1397,12.006,0
,squeezenet_878,17.405,0
,squeezenet_1724,14.997,0
,squeezenet_1586,16.831,0
,squeezenet_1202,25.228,0
,squeezenet_1152,38.093,0
,squeezenet_1791,12.624,0
,squeezenet_1799,19.498,0
,squeezenet_1228,9.632,0
,squeezenet_136,21.221,0
,squeezenet_1415,31.338,0
,squeezenet_1326,15.176,0
,squeezenet_39,27.648,0
,squeezenet_1153,9.689,0
,squeezenet_949,22.892,0
,squeezenet_709,24.069,0
,squeezenet_1785,9.409,0
,squeezenet_1191,22.390,0
,squeezenet_989,39.335,0
,squeezenet_1697,13.075,0
,squeezenet_630,17.253,0
,squeezenet_1223,19.287,0
,squeezenet_195,7.552,0
,squeezenet_890,14.264,0
,squeezenet_1754,32.200,0
,squeezenet_847,18.335,0
,squeezenet_84,19.125,0
,squeezenet_1632,23.773,0
,squeezenet_609,22.473,0
,squeezenet_1045,23.701,0
,squeezenet_1267,9.096,0
,squeezenet_277,17.490,0
,squeezenet_304,50.810,0
,squeezenet_392,22.868,0
,squeezenet_290,13.117,0
,squeezenet_1052,25.268,0
,squeezenet_1011,35.367,0
,squeezenet_517,24.118,0
,squeezenet_1104,20.838,0
,squeezenet_434,19.692,0
,squeezenet_1680,20.384,0
,squeezenet_196,20.945,0
,squeezenet_1894,15.804,0
,squeezenet_570,30.400,0
,squeezenet_264,45.767,0
,squeezenet_1923,48.605,0
,squeezenet_647,19.414,0
,squeezenet_0,10.774,0
,squeezenet_217,10.366,0
,squeezenet_210,23.637,0
,squeezenet_1251,19.034,0
,squeezenet_1085,13.451,0
,squeezenet_346,26.055,0
,squeezenet_1648,27.405,0
,squeezenet_544,16.888,0
,squeezenet_1907,25.269,0
,squeezenet_1186,28.627,0
,squeezenet_901,11.678,0
,squeezenet_1625,19.087,0
,squeezenet_1486,11.677,0
,squeezenet_127,44.432,0
,squeezenet_152,18.786,0
,squeezenet_952,14.484,0
,squeezenet_236,10.748,0
,squeezenet_693,26.723,0
,squeezenet_336,44.914,0
,squeezenet_852,10.734,0
,squeezenet_1723,17.722,0
,squeezenet_732,17.283,0
,squeezenet_549,15.995,0
,squeezenet_1224,13.795,0
,squeezenet_710,21.374,0
,squeezenet_1966,22.781,0
,squeezenet_979,16.124,0
,squeezenet_555,28.019,0
,squeezenet_996,33.554,0
,squeezenet_393,14.239,0
,squeezenet_811,10.168,0
,squeezenet_169,41.909,0
,squeezenet_1581,21.222,0
,squeezenet_103,11.934,0
,squeezenet_770,20.219,0
,squeezenet_774,21.702,0
,squeezenet_198,26.489,0
,squeezenet_1608,15.512,0
,squeezenet_402,23.608,0
,squeezenet_680,19.032,0
,squeezenet_1385,9.395,0
,squeezenet_1110,16.513,0
,squeezenet_1302,19.675,0
,squeezenet_1691,39.367,0
,squeezenet_15,12.177,0
,squeezenet_551,10.765,0
,squeezenet_272,14.858,0
,squeezenet_366,18.918,0
,squeezenet_450,13.812,0
,squeezenet_87,19.638,0
,squeezenet_1047,12.763,0
,squeezenet_793,17.390,0
,squeezenet_1958,16.825,0
,squeezenet_585,15.663,0
,squeezenet_1537,26.815,0
,squeezenet_1796,13.503,0
,squeezenet_248,11.008,0
,squeezenet_909,19.901,0
,squeezenet_1498,13.184,0
,squeezenet_661,35.364,0
,squeezenet_882,12.379,0
,squeezenet_358,18.241,0
,squeezenet_1604,19.836,0
,squeezenet_1892,11.881,0
,squeezenet_3,33.356,0
,squeezenet_972,15.834,0
,squeezenet_566,41.320,0
,squeezenet_740,27.711,0
,squeezenet_1034,17.918,0
,squeezenet_1934,15.060,0
,squeezenet_1737,14.646,0
,squeezenet_1626,34.648,0
,squeezenet_1454,8.869,0
,squeezenet_224,28.180,0
,squeezenet_604,17.066,0
,squeezenet_1282,17.780,0
,squeezenet_1437,19.053,0
,squeezenet_297,15.081,0
,squeezenet_506,16.044,0
,squeezenet_1194,15.505,0
,squeezenet_60,18.378,0
,squeezenet_951,37.064,0
,squeezenet_213,20.494,0
,squeezenet_452,19.263,0
,squeezenet_1690,7.351,0
,squeezenet_1147,17.309,0
,squeezenet_70,20.088,0
,squeezenet_1463,8.483,0
,squeezenet_1998,14.214,0
,squeezenet_71,34.775,0
,squeezenet_1093,15.520,0
,squeezenet_1530,30.342,0
,squeezenet_500,29.583,0
,squeezenet_465,28.829,0
,squeezenet_461,9.072,0
,squeezenet_961,27.153,0
,squeezenet_964,14.852,0
,squeezenet_429,13.486,0
,squeezenet_971,16.203,0
,squeezenet_1866,14.547,0
,squeezenet_63,20.617,0
,squeezenet_1753,8.859,0
,squeezenet_1918,12.680,0
,squeezenet_53,24.163,0
,squeezenet_1653,22.337,0
,squeezenet_1297,28.049,0
,squeezenet_605,14.272,0
,squeezenet_235,36.472,0
,squeezenet_1406,9.043,0
,squeezenet_478,12.873,0
,squeezenet_1383,32.051,0
,squeezenet_1193,21.199,0
,squeezenet_1058,19.745,0
,squeezenet_107,18.497,0
,squeezenet_896,24.172,0
,squeezenet_128,17.363,0
,squeezenet_1567,26.613,0
,squeezenet_1529,12.693,0
,squeezenet_745,15.754,0
,squeezenet_187,14.420,0
,squeezenet_1883,16.746,0
,squeezenet_1594,14.747,0
,squeezenet_1419,26.286,0
,squeezenet_746,14.059,0
,squeezenet_769,28.520,0
,squeezenet_79,16.714,0
,squeezenet_868,31.311,0
,squeezenet_1473,26.802,0
,squeezenet_760,25.221,0
,squeezenet_1207,15.162,0
,squeezenet_1032,25.212,0
,squeezenet_4,12.236,0
,squeezenet_849,13.103,0
,squeezenet_1390,10.504,0
,squeezenet_179,9.499,0
,squeezenet_633,21.847,0
,squeezenet_263,13.243,0
,squeezenet_594,25.154,0
,squeezenet_831,15.668,0
,squeezenet_1925,14.095,0
,squeezenet_1265,9.257,0
,squeezenet_646,42.457,0
,squeezenet_969,23.830,0
,squeezenet_355,14.109,0
,squeezenet_483,16.803,0
,squeezenet_1144,15.807,0
,squeezenet_159,18.254,0
,squeezenet_651,23.399,0
,squeezenet_800,12.141,0
,squeezenet_1345,37.900,0
,squeezenet_444,9.739,0
,squeezenet_1678,12.300,0
,squeezenet_1398,8.205,0
,squeezenet_1511,36.512,0
,squeezenet_1721,24.120,0
,squeezenet_1490,24.612,0
,squeezenet_1764,21.435,0
,squeezenet_1803,15.302,0
,squeezenet_934,26.850,0
,squeezenet_1283,25.563,0
,squeezenet_446,17.955,0
,squeezenet_1425,22.356,0
,squeezenet_333,17.354,0
,squeezenet_668,19.897,0
,squeezenet_1824,14.041,0
,squeezenet_1951,33.124,0
,squeezenet_1131,15.865,0
,squeezenet_314,15.118,0
,squeezenet_1214,20.354,0
,squeezenet_419,16.171,0
,squeezenet_25,35.140,0
,squeezenet_234,26.802,0
,squeezenet_1108,12.454,0
,squeezenet_590,16.915,0
,squeezenet_1301,19.359,0
,squeezenet_573,10.961,0
,squeezenet_645,14.657,0
,squeezenet_253,11.002,0
,squeezenet_939,47.582,0
,squeezenet_343,21.461,0
,squeezenet_1595,14.916,0
,squeezenet_1000,13.914,0
,squeezenet_1566,24.998,0
,squeezenet_1545,12.813,0
,squeezenet_667,13.581,0
,squeezenet_203,19.815,0
,squeezenet_1924,34.934,0
,squeezenet_1427,16.309,0
,squeezenet_74,26.504,0
,squeezenet_1281,22.689,0
,squeezenet_113,14.393,0
,squeezenet_1694,24.689,0
,squeezenet_413,18.446,0
,squeezenet_674,18.838,0
,squeezenet_943,18.323,0
,squeezenet_163,47.781,0
,squeezenet_726,7.679,0
,squeezenet_621,15.561,0
,squeezenet_826,19.759,0
,squeezenet_1289,31.382,0
,squeezenet_1711,17.137,0
,squeezenet_1036,31.468,0
,squeezenet_1522,12.373,0
,squeezenet_1672,26.502,0
,squeezenet_360,11.469,0
,squeezenet_854,19.172,0
,squeezenet_317,25.157,0
,squeezenet_1660,13.939,0
,squeezenet_1404,16.616,0
,squeezenet_1828,14.196,0
,squeezenet_1007,14.915,0
,squeezenet_1354,21.383,0
,squeezenet_1519,9.497,0
,squeezenet_1217,11.342,0
,squeezenet_1465,14.678,0
,squeezenet_937,17.686,0
,squeezenet_142,17.761,0
,squeezenet_335,14.425,0
,squeezenet_832,17.415,0
,squeezenet_1634,12.518,0
,squeezenet_623,16.424,0
,squeezenet_324,28.044,0
,squeezenet_160,12.048,0
,squeezenet_1612,14.091,0
,squeezenet_1164,24.245,0
,squeezenet_459,22.956,0
,squeezenet_1548,10.673,0
,squeezenet_353,16.773,0
,squeezenet_1914,10.588,0
,squeezenet_1865,11.961,0
,squeezenet_1393,11.894,0
,squeezenet_301,15.360,0
,squeezenet_523,23.571,0
,squeezenet_1805,40.039,0
,squeezenet_1584,31.023,0
,squeezenet_1656,15.114,0
,squeezenet_818,25.684,0
,squeezenet_1215,17.506,0
,squeezenet_494,19.010,0
,squeezenet_862,15.374,0
,squeezenet_1509,11.516,0
,squeezenet_189,18.321,0
,squeezenet_616,12.727,0
,squeezenet_1469,22.091,0
,squeezenet_1003,17.607,0
,squeezenet_89,17.237,0
,squeezenet_1963,18.450,0
,squeezenet_313,12.194,0
,squeezenet_1305,17.352,0
,squeezenet_626,19.983,0
,squeezenet_1141,22.144,0
,squeezenet_1705,12.365,0
,squeezenet_1902,29.706,0
,squeezenet_1716,24.486,0
,squeezenet_638,16.463,0
,squeezenet_490,19.557,0
,squeezenet_1506,9.163,0
,squeezenet_1780,24.116,0
,squeezenet_1873,19.270,0
,squeezenet_1948,47.267,0
,squeezenet_994,16.352,0
,squeezenet_496,21.690,0
,squeezenet_1991,9.937,0
,squeezenet_499,21.372,0
,squeezenet_1072,10.737,0
,squeezenet_55,28.146,0
,squeezenet_1163,23.619,0
,squeezenet_221,25.591,0
,squeezenet_1106,26.391,0
,squeezenet_472,29.504,0
,squeezenet_2,11.534,0
,squeezenet_543,30.428,0
,squeezenet_1729,11.029,0
,squeezenet_1105,28.962,0
,squeezenet_694,15.618,0
,squeezenet_567,21.731,0
,squeezenet_1329,39.335,0
,squeezenet_891,19.148,0
,squeezenet_592,28.252,0
,squeezenet_134,34.393,0
,squeezenet_1392,16.866,0
,squeezenet_724,11.673,0
,squeezenet_580,14.445,0
,squeezenet_568,20.208,0
,squeezenet_1063,10.339,0
,squeezenet_124,14.177,0
,squeezenet_743,13.860,0
,squeezenet_244,12.354,0
,squeezenet_1220,23.647,0
,squeezenet_166,20.927,0
,squeezenet_915,14.138,0
,squeezenet_1037,12.238,0
,squeezenet_503,14.158,0
,squeezenet_116,10.929,0
,squeezenet_1757,18.154,0
,squeezenet_814,18.199,0
,squeezenet_784,21.927,0
,squeezenet_1245,19.808,0
,squeezenet_548,18.934,0
,squeezenet_1092,17.418,0
,squeezenet_1847,16.424,0
,squeezenet_1996,28.138,0
,squeezenet_371,17.649,0
,squeezenet_958,22.785,0
,squeezenet_584,20.548,0
,squeezenet_763,11.497,0
,squeezenet_325,24.630,0
,squeezenet_690,19.700,0
,squeezenet_315,15.955,0
,squeezenet_1183,16.376,0
,squeezenet_1919,15.029,0
,squeezenet_1086,26.078,0
,squeezenet_1502,17.178,0
,squeezenet_1304,12.929,0
,squeezenet_1510,44.205,0
,squeezenet_193,13.031,0
,squeezenet_665,18.991,0
,squeezenet_1841,21.728,0
,squeezenet_1674,21.216,0
,squeezenet_1002,29.482,0
,squeezenet_1416,29.307,0
,squeezenet_441,10.997,0
,squeezenet_1669,20.964,0
,squeezenet_1298,34.661,0
,squeezenet_1171,19.434,0
,squeezenet_1347,11.470,0
,squeezenet_552,18.903,0
,squeezenet_1482,17.195,0
,squeezenet_1994,16.925,0
,squeezenet_442,22.861,0
,squeezenet_475,20.198,0
,squeezenet_1178,14.851,0
,squeezenet_624,16.166,0
,squeezenet_1455,11.633,0
,squeezenet_1976,11.827,0
,squeezenet_42,14.490,0
,squeezenet_737,27.955,0
,squeezenet_722,14.907,0
,squeezenet_6,17.349,0
,squeezenet_657,11.260,0
,squeezenet_1849,20.466,0
,squeezenet_223,28.752,0
,squeezenet_448,36.659,0
,squeezenet_1277,29.848,0
,squeezenet_1852,23.140,0
,squeezenet_1116,18.607,0
,squeezenet_717,20.900,0
,squeezenet_377,19.460,0
,squeezenet_1225,16.535,0
,squeezenet_768,12.592,0
,squeezenet_513,16.674,0
,squeezenet_1119,50.943,0
,squeezenet_1272,13.145,0
,squeezenet_1845,19.880,0
,squeezenet_1532,9.067,0
,squeezenet_870,21.943,0
,squeezenet_867,12.840,0
,squeezenet_1143,12.332,0
,squeezenet_1741,15.777,0
,squeezenet_1478,39.352,0
,squeezenet_1172,19.292,0
,squeezenet_1320,13.855,0
,squeezenet_1445,11.880,0
,squeezenet_77,41.730,0
,squeezenet_1350,14.240,0
,squeezenet_1516,40.907,0
,squeezenet_92,13.610,0
,squeezenet_1351,26.681,0
,squeezenet_1378,26.572,0
,squeezenet_1162,16.257,0
,squeezenet_132,18.308,0
,squeezenet_1464,13.078,0
,squeezenet_944,18.278,0
,squeezenet_554,10.450,0
,squeezenet_232,14.766,0
,squeezenet_917,12.628,0
,squeezenet_1155,14.343,0
,squeezenet_268,25.343,0
,squeezenet_1704,13.528,0
,squeezenet_1206,21.894,0
,squeezenet_1876,19.179,0
,squeezenet_49,14.075,0
,squeezenet_386,14.707,0
,squeezenet_699,11.455,0
,squeezenet_1524,11.591,0
,squeezenet_1795,16.424,0
,squeezenet_41,18.385,0
,squeezenet_1565,27.213,0
,squeezenet_1031,30.767,0
,squeezenet_1661,9.815,0
,squeezenet_819,20.454,0
,squeezenet_1159,11.379,0
,squeezenet_692,52.543,0
,squeezenet_869,15.243,0
,squeezenet_286,32.519,0
,squeezenet_1219,13.319,0
,squeezenet_1880,17.612,0
,squeezenet_348,19.365,0
,squeezenet_33,11.303,0
,squeezenet_162,25.745,0
,squeezenet_1750,18.134,0
,squeezenet_502,13.325,0
,squeezenet_1249,56.308,0
,squeezenet_1314,22.502,0
,squeezenet_1518,13.381,0
,squeezenet_1820,11.138,0
,squeezenet_106,20.711,0
,squeezenet_1589,25.662,0
,squeezenet_1812,22.490,0
,squeezenet_1318,24.503,0
,squeezenet_1550,10.437,0
,squeezenet_378,14.110,0
,squeezenet_682,19.814,0
,squeezenet_1248,19.428,0
,squeezenet_497,20.520,0
,squeezenet_822,18.090,0
,squeezenet_542,24.703,0
,squeezenet_1618,16.182,0
,squeezenet_1808,10.293,0
,squeezenet_1433,22.279,0
,squeezenet_691,42.484,0
,squeezenet_1300,18.789,0
,squeezenet_323,18.576,0
,squeezenet_237,13.624,0
,squeezenet_258,13.841,0
,squeezenet_1060,12.587,0
,squeezenet_1857,20.294,0
,squeezenet_874,34.955,0
,squeezenet_332,24.236,0
,squeezenet_607,14.540,0
,squeezenet_27,18.887,0
,squeezenet_1229,20.792,0
,squeezenet_1184,27.141,0
,squeezenet_453,15.066,0
,squeezenet_1851,14.319,0
,squeezenet_1572,30.684,0
,squeezenet_233,39.918,0
,squeezenet_653,14.245,0
,squeezenet_855,16.986,0
,squeezenet_489,20.867,0
,squeezenet_495,15.455,0
,squeezenet_1587,15.514,0
,squeezenet_713,16.819,0
,squeezenet_1709,17.974,0
,squeezenet_247,37.133,0
,squeezenet_190,14.482,0
,squeezenet_399,17.576,0
,squeezenet_991,24.578,0
,squeezenet_1657,19.084,0
,squeezenet_1495,22.153,0
,squeezenet_786,18.091,0
,squeezenet_1578,18.335,0
,squeezenet_1731,14.949,0
,squeezenet_1426,26.629,0
,squeezenet_1628,19.804,0
,squeezenet_738,20.927,0
,squeezenet_288,31.602,0
,squeezenet_636,26.939,0
,squeezenet_1564,16.449,0
,squeezenet_698,13.429,0
,squeezenet_1929,36.618,0
,squeezenet_1089,18.240,0
,squeezenet_382,27.396,0
,squeezenet_1525,48.574,0
,squeezenet_560,12.402,0
,squeezenet_534,14.930,0
,squeezenet_243,36.706,0
,squeezenet_1268,16.712,0
,squeezenet_1128,10.109,0
,squeezenet_1253,20.133,0
,squeezenet_119,33.935,0
,squeezenet_1310,14.540,0
,squeezenet_1494,10.908,0
,squeezenet_1930,15.055,0
,squeezenet_1357,12.878,0
,squeezenet_1636,18.864,0
,squeezenet_1262,17.924,0
,squeezenet_372,42.818,0
,squeezenet_493,11.854,0
,squeezenet_1901,17.396,0
,squeezenet_846,15.816,0
,squeezenet_420,23.484,0
,squeezenet_1247,16.572,0
,squeezenet_1979,30.753,0
,squeezenet_1503,15.028,0
,squeezenet_683,15.782,0
,squeezenet_859,17.534,0
,squeezenet_840,18.504,0
,squeezenet_361,19.883,0
,squeezenet_433,15.413,0
,squeezenet_1993,16.861,0
,squeezenet_1274,19.218,0
,squeezenet_1798,26.609,0
,squeezenet_1137,23.709,0
,squeezenet_1290,13.408,0
,squeezenet_669,19.404,0
,squeezenet_581,21.791,0
,squeezenet_443,13.053,0
,squeezenet_337,9.466,0
,squeezenet_1986,19.499,0
,squeezenet_1135,9.835,0
,squeezenet_1613,11.340,0
,squeezenet_1817,18.769,0
,squeezenet_1133,25.809,0
,squeezenet_755,24.279,0
,squeezenet_1568,20.634,0
,squeezenet_1698,19.649,0
,squeezenet_439,11.426,0
,squeezenet_725,14.684,0
,squeezenet_976,13.917,0
,squeezenet_1687,12.700,0
,squeezenet_1775,15.401,0
,squeezenet_1650,7.786,0
,squeezenet_873,32.551,0
,squeezenet_1243,23.068,0
,squeezenet_1201,20.136,0
,squeezenet_1829,37.163,0
,squeezenet_68,12.749,0
,squeezenet_1695,9.797,0
,squeezenet_1922,17.631,0
,squeezenet_704,14.483,0
,squeezenet_1388,16.209,0
,squeezenet_625,8.113,0
,squeezenet_1623,19.528,0
,squeezenet_689,9.460,0
,squeezenet_349,16.794,0
,squeezenet_731,16.265,0
,squeezenet_356,15.625,0
,squeezenet_1342,20.473,0
,squeezenet_1460,11.698,0
,squeezenet_1441,28.577,0
,squeezenet_1387,19.985,0
,squeezenet_1768,12.656,0
,squeezenet_1102,12.761,0
,squeezenet_1005,18.246,0
,squeezenet_394,17.405,0
,squeezenet_1442,36.907,0
,squeezenet_1303,20.130,0
,squeezenet_415,37.413,0
,squeezenet_259,19.702,0
,squeezenet_131,13.210,0
,squeezenet_1212,30.247,0
,squeezenet_1124,16.115,0
,squeezenet_507,8.597,0
,squeezenet_1231,21.430,0
,squeezenet_309,38.448,0
,squeezenet_1521,29.786,0
,squeezenet_1606,38.809,0
,squeezenet_482,14.995,0
,squeezenet_1192,15.647,0
,squeezenet_51,10.485,0
,squeezenet_880,20.914,0
,squeezenet_1073,47.937,0
,squeezenet_907,29.577,0
,squeezenet_1356,10.772,0
,squeezenet_1013,11.063,0
,squeezenet_1076,15.437,0
,squeezenet_1023,17.218,0
,squeezenet_1252,9.206,0
,squeezenet_261,13.486,0
,squeezenet_29,23.437,0
,squeezenet_1788,34.489,0
,squeezenet_1859,17.507,0
,squeezenet_771,7.979,0
,squeezenet_1726,47.448,0
,squeezenet_1713,16.691,0
,squeezenet_946,15.589,0
,squeezenet_468,16.173,0
,squeezenet_1710,12.769,0
,squeezenet_805,25.599,0
,squeezenet_1295,15.526,0
,squeezenet_1610,23.542,0
,squeezenet_872,22.192,0
,squeezenet_220,38.505,0
,squeezenet_340,21.273,0
,squeezenet_795,28.691,0
,squeezenet_385,27.521,0
,squeezenet_1384,15.324,0
,squeezenet_1830,10.842,0
,squeezenet_902,16.010,0
,squeezenet_957,48.131,0
,squeezenet_1048,14.461,0
,squeezenet_1641,40.611,0
,squeezenet_1999,12.436,0
,squeezenet_1762,8.801,0
,squeezenet_1541,11.927,0
,squeezenet_1046,13.545,0
,squeezenet_81,11.391,0
,squeezenet_194,14.209,0
,squeezenet_1123,12.637,0
,squeezenet_151,17.101,0
,squeezenet_180,9.864,0
,squeezenet_1103,16.873,0
,squeezenet_1915,26.053,0
,squeezenet_1068,14.206,0
,squeezenet_796,20.480,0
,squeezenet_561,14.660,0
,squeezenet_122,14.522,0
,squeezenet_1346,15.330,0
,squeezenet_742,14.932,0
,squeezenet_1054,18.169,0
,squeezenet_1881,15.050,0
,squeezenet_1020,11.279,0
,squeezenet_1309,26.185,0
,squeezenet_701,10.387,0
,squeezenet_751,10.883,0
,squeezenet_144,15.251,0
,squeezenet_1424,11.862,0
,squeezenet_184,16.294,0
,squeezenet_595,29.876,0
,squeezenet_97,11.546,0
,squeezenet_1336,32.324,0
,squeezenet_720,26.535,0
,squeezenet_427,14.142,0
,squeezenet_1082,12.704,0
,squeezenet_1260,56.986,0
,squeezenet_1041,9.371,0
,squeezenet_242,19.891,0
,squeezenet_1195,23.058,0
,squeezenet_5,11.093,0
,squeezenet_88,10.774,0
,squeezenet_1658,24.190,0
,squeezenet_1696,15.666,0
,squeezenet_1885,22.516,0
,squeezenet_273,32.003,0
,squeezenet_834,12.869,0
,squeezenet_141,11.106,0
,squeezenet_412,26.507,0
,squeezenet_129,15.473,0
,squeezenet_422,15.596,0
,squeezenet_1487,12.057,0
,squeezenet_762,7.187,0
,squeezenet_133,22.021,0
,squeezenet_857,11.120,0
,squeezenet_734,12.857,0
,squeezenet_73,14.335,0
,squeezenet_1189,22.160,0
,squeezenet_1126,10.908,0
,squeezenet_1370,35.176,0
,squeezenet_652,15.904,0
,squeezenet_1559,33.588,0
,squeezenet_59,19.429,0
,squeezenet_331,15.190,0
,squeezenet_34,20.493,0
,squeezenet_367,14.867,0
,squeezenet_380,13.146,0
,squeezenet_601,16.844,0
,squeezenet_520,24.664,0
,squeezenet_529,12.095,0
,squeezenet_1198,12.817,0
,squeezenet_262,23.668,0
,squeezenet_1677,19.276,0
,squeezenet_728,22.136,0
,squeezenet_1813,15.305,0
,squeezenet_1008,30.826,0
,squeezenet_1534,25.705,0
,squeezenet_40,16.949,0
,squeezenet_96,33.371,0
,squeezenet_1867,23.930,0
,squeezenet_1450,21.656,0
,squeezenet_1423,25.434,0
,squeezenet_923,17.098,0
,squeezenet_1360,34.532,0
,squeezenet_292,18.758,0
,squeezenet_515,13.057,0
,squeezenet_1471,11.157,0
,squeezenet_396,12.406,0
,squeezenet_1234,31.763,0
,squeezenet_1167,13.342,0
,squeezenet_1187,11.803,0
,squeezenet_1528,26.475,0
,squeezenet_1158,14.381,0
,squeezenet_1787,13.353,0
,squeezenet_1536,28.554,0
,squeezenet_1070,13.370,0
,squeezenet_1971,13.016,0
,squeezenet_368,12.657,0
,squeezenet_334,36.952,0
,squeezenet_1483,15.758,0
,squeezenet_916,16.380,0
,squeezenet_733,20.012,0
,squeezenet_1275,9.057,0
,squeezenet_1216,25.006,0
,squeezenet_1077,29.562,0
,squeezenet_1663,26.982,0
,squeezenet_1898,17.822,0
,squeezenet_212,19.748,0
,squeezenet_362,19.891,0
,squeezenet_1344,17.263,0
,squeezenet_1218,22.576,0
,squeezenet_1622,21.130,0
,squeezenet_1988,12.787,0
,squeezenet_530,16.387,0
,squeezenet_659,16.402,0
,squeezenet_1707,25.678,0
,squeezenet_481,40.437,0
,squeezenet_487,19.607,0
,squeezenet_635,40.384,0
,squeezenet_518,45.347,0
,squeezenet_773,14.372,0
,squeezenet_679,26.472,0
,squeezenet_283,19.096,0
,squeezenet_1263,12.673,0
,squeezenet_1984,12.309,0
,squeezenet_919,17.060,0
,squeezenet_537,21.968,0
,squeezenet_1363,11.429,0
,squeezenet_865,21.296,0
,squeezenet_344,18.935,0
,squeezenet_1647,12.784,0
,squeezenet_140,21.014,0
,squeezenet_802,23.876,0
,squeezenet_400,23.684,0
,squeezenet_401,18.046,0
,squeezenet_457,40.579,0
,squeezenet_912,23.803,0
,squeezenet_479,25.728,0
,squeezenet_526,10.295,0
,squeezenet_302,13.292,0
,squeezenet_705,11.187,0
,squeezenet_1083,21.335,0
,squeezenet_1328,31.118,0
,squeezenet_716,36.047,0
,squeezenet_269,12.732,0
,squeezenet_1396,11.575,0
,squeezenet_1353,19.487,0
,squeezenet_1168,16.958,0
,squeezenet_1563,39.150,0
,squeezenet_1665,16.272,0
,squeezenet_1544,17.510,0
,squeezenet_23,20.875,0
,squeezenet_1693,24.496,0
,squeezenet_889,12.199,0
,squeezenet_22,23.581,0
,squeezenet_723,36.072,0
,squeezenet_842,18.329,0
,squeezenet_105,11.386,0
,squeezenet_1489,13.199,0
,squeezenet_935,19.441,0
,squeezenet_1952,14.734,0
,squeezenet_700,17.400,0
,squeezenet_149,13.467,0
,squeezenet_1238,57.356,0
,squeezenet_1118,24.296,0
,squeezenet_82,25.045,0
,squeezenet_753,11.561,0
,squeezenet_1097,12.902,0
,squeezenet_114,10.939,0
,squeezenet_1935,16.296,0
,squeezenet_374,12.603,0
,squeezenet_1718,14.161,0
,squeezenet_956,11.698,0
,squeezenet_779,17.259,0
,squeezenet_1686,11.719,0
,squeezenet_1739,12.501,0
,squeezenet_477,17.199,0
,squeezenet_1040,12.386,0
,squeezenet_1233,14.175,0
,squeezenet_1583,26.415,0
,squeezenet_1624,12.796,0
,squeezenet_1271,23.032,0
,squeezenet_1869,17.519,0
,squeezenet_729,19.011,0
,squeezenet_1734,13.486,0
,squeezenet_1236,19.112,0
,squeezenet_1932,26.104,0
,squeezenet_1664,44.402,0
,squeezenet_1912,18.046,0
,squeezenet_1439,14.709,0
,squeezenet_1835,48.653,0
,squeezenet_1809,18.772,0
,squeezenet_1410,14.994,0
,squeezenet_1293,26.868,0
,squeezenet_1793,11.826,0
,squeezenet_608,22.437,0
,squeezenet_1614,15.436,0
,squeezenet_145,33.317,0
,squeezenet_1361,16.646,0
,squeezenet_514,18.826,0
,squeezenet_1776,13.188,0
,squeezenet_291,22.752,0
,squeezenet_678,17.412,0
,squeezenet_1095,16.587,0
,squeezenet_1909,31.250,0
,squeezenet_18,17.141,0
,squeezenet_945,11.574,0
,squeezenet_1997,30.521,0
,squeezenet_1807,37.097,0
,squeezenet_99,26.615,0
,squeezenet_1818,19.387,0
,squeezenet_1810,18.278,0
,squeezenet_1682,20.001,0
,squeezenet_1039,28.751,0
,squeezenet_598,18.113,0
,squeezenet_1555,8.842,0
,squeezenet_783,17.612,0
,squeezenet_1942,18.807,0
,squeezenet_1846,17.375,0
,squeezenet_1531,14.469,0
,squeezenet_1299,19.822,0
,squeezenet_1042,36.661,0
,squeezenet_1688,23.793,0
,squeezenet_1377,18.799,0
,squeezenet_1627,14.968,0
,squeezenet_1279,31.685,0
,squeezenet_1526,22.640,0
,squeezenet_918,18.112,0
,squeezenet_168,18.171,0
,squeezenet_1286,17.503,0
,squeezenet_1230,36.681,0
,squeezenet_1684,30.106,0
,squeezenet_1311,14.998,0
,squeezenet_1364,20.269,0
,squeezenet_1782,33.551,0
,squeezenet_455,16.567,0
,squeezenet_430,25.701,0
,squeezenet_327,15.425,0
,squeezenet_789,9.926,0
,squeezenet_1169,24.023,0
,squeezenet_1903,12.560,0
,squeezenet_836,30.027,0
,squeezenet_1090,13.865,0
,squeezenet_61,11.955,0
,squeezenet_777,28.956,0
,squeezenet_1543,16.442,0
,squeezenet_440,13.520,0
,squeezenet_962,23.366,0
,squeezenet_1266,21.040,0
,squeezenet_1858,13.520,0
,squeezenet_1197,12.584,0
,squeezenet_281,15.627,0
,squeezenet_375,19.760,0
,squeezenet_1960,11.274,0
,squeezenet_1499,36.829,0
,squeezenet_1933,9.907,0
,squeezenet_1957,34.749,0
,squeezenet_1740,22.980,0
,squeezenet_1019,12.587,0
,squeezenet_431,14.104,0
,squeezenet_1156,26.407,0
,squeezenet_985,12.237,0
,squeezenet_100,27.793,0
,squeezenet_954,13.321,0
,squeezenet_1316,15.778,0
,squeezenet_206,17.367,0
,squeezenet_810,9.877,0
,squeezenet_735,15.378,0
,squeezenet_533,14.102,0
,squeezenet_564,14.179,0
,squeezenet_806,15.361,0
,squeezenet_687,15.375,0
,squeezenet_618,42.584,0
,squeezenet_1685,35.047,0
,squeezenet_280,21.173,0
,squeezenet_1598,28.558,0
,squeezenet_815,25.655,0
,squeezenet_757,16.942,0
,squeezenet_1825,13.819,0
,squeezenet_730,19.798,0
,squeezenet_110,33.503,0
,squeezenet_591,15.647,0
,squeezenet_808,14.697,0
,squeezenet_589,16.630,0
,squeezenet_1210,20.916,0
,squeezenet_536,22.000,0
,squeezenet_1864,15.226,0
,squeezenet_521,20.492,0
,squeezenet_1763,36.076,0
,squeezenet_1854,36.166,0
,squeezenet_845,34.339,0
,squeezenet_744,24.751,0
,squeezenet_294,14.637,0
,squeezenet_1064,21.959,0
,squeezenet_1420,28.241,0
,squeezenet_1507,12.838,0
,squeezenet_541,12.207,0
,squeezenet_1368,12.210,0
,squeezenet_1666,20.224,0
,squeezenet_1689,19.663,0
,squeezenet_16,14.785,0
,squeezenet_1071,20.610,0
,squeezenet_930,12.732,0
,squeezenet_637,20.857,0
,squeezenet_78,10.071,0
,squeezenet_1771,17.133,0
,squeezenet_708,17.855,0
,squeezenet_1374,23.531,0
,squeezenet_1470,16.637,0
,squeezenet_1538,14.171,0
,squeezenet_410,36.812,0
,squeezenet_381,13.495,0
,squeezenet_688,15.823,0
,squeezenet_137,22.097,0
,squeezenet_1836,16.644,0
,squeezenet_1014,19.644,0
,squeezenet_1514,23.071,0
,squeezenet_684,14.253,0
,squeezenet_1811,17.349,0
,squeezenet_1457,15.315,0
,squeezenet_328,17.148,0
,squeezenet_677,30.112,0
,squeezenet_216,25.538,0
,squeezenet_338,13.851,0
,squeezenet_853,9.491,0
,squeezenet_627,17.203,0
,squeezenet_1069,9.301,0
,squeezenet_1896,26.752,0
,squeezenet_389,16.614,0
,squeezenet_545,16.077,0
,squeezenet_1508,17.980,0
,squeezenet_547,25.109,0
,squeezenet_1211,19.846,0
,squeezenet_480,21.862,0
,squeezenet_1649,47.391,0
,squeezenet_460,15.543,0
,squeezenet_1870,11.458,0
,squeezenet_47,15.277,0
,squeezenet_204,45.487,0
,squeezenet_711,23.563,0
,squeezenet_1488,10.907,0
,squeezenet_240,43.141,0
,squeezenet_980,46.824,0
,squeezenet_767,15.948,0
,squeezenet_924,30.398,0
,squeezenet_267,13.042,0
,squeezenet_759,15.372,0
,squeezenet_809,14.584,0
,squeezenet_1755,37.107,0
,squeezenet_1139,14.326,0
,squeezenet_1872,27.004,0
,squeezenet_1349,12.192,0
,squeezenet_1683,19.428,0
,squeezenet_1365,24.174,0
,squeezenet_703,39.684,0
,squeezenet_1179,14.174,0
,squeezenet_1717,30.196,0
,squeezenet_285,29.271,0
,squeezenet_597,11.943,0
,squeezenet_1285,29.018,0
,squeezenet_1821,10.831,0
,squeezenet_986,23.681,0
,squeezenet_1049,29.355,0
,squeezenet_245,16.917,0
,squeezenet_876,13.770,0
,squeezenet_1556,26.576,0
,squeezenet_578,30.727,0
,squeezenet_1107,14.300,0
,squeezenet_861,22.455,0
,squeezenet_799,23.334,0
,squeezenet_1160,40.807,0
,squeezenet_130,18.166,0
,squeezenet_1411,23.198,0
,squeezenet_1066,13.101,0
,squeezenet_1777,30.575,0
,squeezenet_1059,14.123,0
,squeezenet_1573,12.455,0
,squeezenet_1576,17.790,0
,squeezenet_1504,12.426,0
,squeezenet_1756,37.654,0
,squeezenet_52,15.935,0
,squeezenet_747,30.043,0
,squeezenet_675,47.410,0
,squeezenet_1331,26.791,0
,squeezenet_982,25.764,0
,squeezenet_528,17.530,0
,squeezenet_1259,15.243,0
,squeezenet_1395,25.411,0
,squeezenet_36,10.328,0
,squeezenet_1920,25.203,0
,squeezenet_1414,15.438,0
,squeezenet_1389,18.920,0
,squeezenet_900,36.298,0
,squeezenet_824,38.392,0
,squeezenet_899,23.007,0
,squeezenet_1679,22.793,0
,squeezenet_91,18.450,0
,squeezenet_423,34.010,0
,squeezenet_14,16.605,0
,squeezenet_1180,10.772,0
,squeezenet_1751,21.559,0
,squeezenet_1375,12.275,0
,squeezenet_1676,36.257,0
,squeezenet_1088,16.662,0
,squeezenet_676,15.218,0
,squeezenet_1467,21.498,0
,squeezenet_486,20.621,0
,squeezenet_1904,11.779,0
,squeezenet_215,13.256,0
,squeezenet_1599,8.301,0
,squeezenet_987,22.538,0
,squeezenet_654,9.073,0
,squeezenet_1129,9.435,0
,squeezenet_1638,10.100,0
,squeezenet_282,15.739,0
,squeezenet_1096,41.448,0
,squeezenet_1112,24.120,0
,squeezenet_1462,10.299,0
,squeezenet_606,18.633,0
,squeezenet_464,11.390,0
,squeezenet_782,23.059,0
,squeezenet_1906,18.588,0
,squeezenet_1257,21.081,0
,squeezenet_65,19.302,0
,squeezenet_887,17.103,0
,squeezenet_1822,18.064,0
,squeezenet_1673,11.599,0
,squeezenet_1138,18.803,0
,squeezenet_558,17.578,0
,squeezenet_804,12.026,0
,squeezenet_1496,51.885,0
,squeezenet_115,18.661,0
,squeezenet_164,19.115,0
,squeezenet_473,31.803,0
,squeezenet_821,26.318,0
,squeezenet_827,16.716,0
,squeezenet_1204,12.017,0
,squeezenet_1359,18.119,0
,squeezenet_1012,21.622,0
,squeezenet_579,18.183,0
,squeezenet_1732,19.349,0
,squeezenet_1324,14.055,0
,squeezenet_557,11.392,0
,squeezenet_155,25.279,0
,squeezenet_871,15.620,0
,squeezenet_719,15.652,0
,squeezenet_330,44.351,0
,squeezenet_239,12.714,0
,squeezenet_1288,34.980,0
,squeezenet_432,23.051,0
,squeezenet_807,21.012,0
,squeezenet_1965,26.681,0
,squeezenet_387,17.943,0
,squeezenet_43,15.609,0
,squeezenet_466,28.998,0
,squeezenet_271,13.792,0
,squeezenet_1728,9.458,0
,squeezenet_1570,15.798,0
,squeezenet_1325,35.425,0
,squeezenet_1853,15.464,0
,squeezenet_981,14.929,0
,squeezenet_320,30.334,0
,squeezenet_634,21.000,0
,squeezenet_648,37.428,0
,squeezenet_1615,10.246,0
,squeezenet_577,21.720,0
,squeezenet_1484,20.366,0
,squeezenet_67,10.818,0
,squeezenet_1855,14.412,0
,squeezenet_671,19.570,0
,squeezenet_524,17.392,0
,squeezenet_1053,29.797,0
,squeezenet_883,23.862,0
,squeezenet_574,11.244,0
,squeezenet_1057,28.939,0
,squeezenet_1451,24.902,0
,squeezenet_397,10.893,0
,squeezenet_1590,16.741,0
,squeezenet_603,13.289,0
,squeezenet_303,18.040,0
,squeezenet_112,20.857,0
,squeezenet_1675,9.776,0
,squeezenet_1291,27.035,0
,squeezenet_95,16.943,0
,squeezenet_1472,20.874,0
,squeezenet_1574,42.639,0
,squeezenet_1561,10.749,0
,squeezenet_1417,47.969,0
,squeezenet_72,14.124,0
,squeezenet_1087,13.481,0
,squeezenet_1950,35.559,0
,squeezenet_748,34.005,0
,squeezenet_207,11.316,0
,squeezenet_610,18.623,0
,squeezenet_787,19.186,0
,squeezenet_1861,12.424,0
,squeezenet_1287,44.412,0
,squeezenet_1887,19.258,0
,squeezenet_1221,13.519,0
,squeezenet_535,14.725,0
,squeezenet_1330,21.791,0
,squeezenet_1175,32.583,0
,squeezenet_456,21.024,0
,squeezenet_1719,17.960,0
,squeezenet_1779,31.063,0
,squeezenet_1797,17.808,0
,squeezenet_276,16.930,0
,squeezenet_1720,13.362,0
,squeezenet_505,8.304,0
,squeezenet_1,15.186,0
,squeezenet_69,12.861,0
,squeezenet_1176,16.484,0
,squeezenet_963,11.384,0
,squeezenet_20,20.001,0
,squeezenet_1009,14.986,0
,squeezenet_1018,32.534,0
,squeezenet_1910,51.999,0
,squeezenet_1547,19.285,0
,squeezenet_582,19.712,0
,squeezenet_715,15.759,0
,squeezenet_1254,28.727,0
,squeezenet_1341,11.942,0
,squeezenet_1056,12.012,0
,squeezenet_56,28.419,0
,squeezenet_1983,13.355,0
,squeezenet_1308,14.289,0
,squeezenet_1747,13.923,0
,squeezenet_508,13.568,0
,squeezenet_921,45.984,0
,squeezenet_837,27.753,0
,squeezenet_1151,17.959,0
,squeezenet_118,20.485,0
,squeezenet_1947,15.193,0
,squeezenet_1513,19.381,0
,squeezenet_83,18.605,0
,squeezenet_484,37.659,0
,squeezenet_1738,27.090,0
,squeezenet_1700,49.437,0
,squeezenet_1945,13.701,0
,squeezenet_1652,16.596,0
,squeezenet_1539,16.353,0
,squeezenet_881,12.799,0
,squeezenet_1352,14.633,0
,squeezenet_121,19.026,0
,squeezenet_1242,20.215,0
,squeezenet_1142,12.326,0
,squeezenet_365,12.873,0
,squeezenet_903,21.212,0
,squeezenet_498,16.760,0
,squeezenet_1940,15.235,0
,squeezenet_1074,21.870,0
,squeezenet_1826,24.187,0
,squeezenet_706,21.142,0
,squeezenet_1200,44.649,0
,squeezenet_241,10.002,0
,squeezenet_531,21.198,0
,squeezenet_1409,26.084,0
,squeezenet_1294,14.964,0
,squeezenet_1458,22.748,0
,squeezenet_293,15.688,0
,squeezenet_135,10.902,0
,squeezenet_1237,19.299,0
,squeezenet_858,20.262,0
,squeezenet_1560,23.612,0
,squeezenet_305,9.825,0
,squeezenet_1819,27.539,0
,squeezenet_1977,19.271,0
,squeezenet_1856,48.763,0
,squeezenet_1786,19.116,0
,squeezenet_1497,19.332,0
,squeezenet_102,34.245,0
,squeezenet_1662,23.999,0
,squeezenet_1125,21.933,0
,squeezenet_1043,23.291,0
,squeezenet_1227,17.849,0
,squeezenet_1972,10.000,0
,squeezenet_1185,16.526,0
,squeezenet_1149,22.620,0
,squeezenet_525,29.948,0
,squeezenet_1122,17.646,0
,squeezenet_147,15.565,0
,squeezenet_1015,18.860,0
,squeezenet_1899,18.871,0
,squeezenet_662,22.041,0
,squeezenet_656,10.887,0
,squeezenet_1736,9.937,0
,squeezenet_308,10.765,0
,squeezenet_230,8.329,0
,squeezenet_895,24.014,0
,squeezenet_1879,10.011,0
,squeezenet_1862,21.262,0
,squeezenet_1611,36.847,0
,squeezenet_775,14.960,0
,squeezenet_154,15.246,0
,squeezenet_1671,12.001,0
,squeezenet_379,56.327,0
,squeezenet_1992,22.192,0
,squeezenet_997,15.393,0
,squeezenet_750,18.263,0
,squeezenet_1802,10.968,0
,squeezenet_695,35.963,0
,squeezenet_620,11.522,0
,squeezenet_914,14.603,0
,squeezenet_756,22.283,0
,squeezenet_322,19.156,0
,squeezenet_1190,19.491,0
,squeezenet_838,11.921,0
,squeezenet_1434,15.565,0
,squeezenet_1412,9.257,0
,squeezenet_1792,14.989,0
,squeezenet_1603,8.812,0
,squeezenet_436,23.458,0
,squeezenet_712,21.379,0
,squeezenet_702,15.237,0
,squeezenet_307,36.299,0
,squeezenet_45,22.692,0
,squeezenet_1569,13.329,0
,squeezenet_1772,9.384,0
,squeezenet_125,13.209,0
,squeezenet_1239,49.351,0
,squeezenet_1021,17.452,0
,squeezenet_1348,13.427,0
,squeezenet_803,15.583,0
,squeezenet_995,24.828,0
,squeezenet_1114,16.970,0
,squeezenet_172,34.294,0
,squeezenet_462,13.418,0
,squeezenet_959,19.285,0
,squeezenet_1256,18.892,0
,squeezenet_539,22.174,0
,squeezenet_614,46.561,0
,squeezenet_1759,17.565,0
,squeezenet_1173,23.303,0
,squeezenet_642,12.965,0
,squeezenet_968,13.561,0
,squeezenet_1431,14.281,0
,squeezenet_1028,18.035,0
,squeezenet_754,43.194,0
,squeezenet_1403,32.712,0
,squeezenet_1884,24.139,0
,squeezenet_408,14.916,0
,squeezenet_1401,12.157,0
,squeezenet_1405,45.912,0
,squeezenet_1140,15.184,0
,squeezenet_1838,24.286,0
,squeezenet_228,17.728,0
,squeezenet_1667,14.207,0
,squeezenet_404,35.169,0
,squeezenet_1150,24.057,0
,squeezenet_1954,22.525,0
,squeezenet_1832,9.209,0
,squeezenet_892,15.409,0
,squeezenet_632,21.200,0
,squeezenet_1888,16.495,0
,squeezenet_1438,47.171,0
,squeezenet_1553,19.941,0
,squeezenet_929,15.615,0
,squeezenet_863,33.309,0
,squeezenet_1712,14.156,0
,squeezenet_1558,27.242,0
,squeezenet_1006,13.595,0
,squeezenet_1761,18.300,0
,squeezenet_575,10.679,0
,squeezenet_571,11.336,0
,squeezenet_35,13.348,0
,squeezenet_188,19.430,0
,squeezenet_1055,11.431,0
,squeezenet_761,18.895,0
,squeezenet_1760,15.944,0
,squeezenet_1783,22.350,0
,squeezenet_974,32.447,0
,squeezenet_650,7.603,0
,squeezenet_148,14.677,0
,squeezenet_940,9.207,0
,squeezenet_250,24.797,0
,squeezenet_192,22.558,0
,squeezenet_109,34.899,0
,squeezenet_984,21.055,0
,squeezenet_1255,30.705,0
,squeezenet_714,16.468,0
,squeezenet_1327,13.368,0
,squeezenet_1098,20.609,0
,squeezenet_50,14.668,0
,squeezenet_672,11.208,0
,squeezenet_835,21.320,0
,squeezenet_311,22.072,0
,squeezenet_1276,35.912,0
,squeezenet_611,17.829,0
,squeezenet_1136,16.649,0
,squeezenet_1226,12.876,0
,squeezenet_76,22.883,0
,squeezenet_1654,19.869,0
,squeezenet_275,30.632,0
,squeezenet_1394,34.999,0
,squeezenet_1078,16.953,0
,squeezenet_1546,11.922,0
,squeezenet_617,34.472,0
,squeezenet_1004,24.708,0
,squeezenet_1443,22.855,0
,squeezenet_860,18.271,0
,squeezenet_8,11.626,0
,squeezenet_1722,16.872,0
,squeezenet_1340,32.201,0
,squeezenet_1973,10.886,0
,squeezenet_1642,21.636,0
,squeezenet_504,15.448,0
,squeezenet_1765,23.878,0
,squeezenet_1099,9.557,0
,squeezenet_1842,42.920,0
,squeezenet_1831,45.318,0
,squeezenet_1461,10.467,0
,squeezenet_512,21.143,0
,squeezenet_123,38.464,0
,squeezenet_19,30.900,0
,squeezenet_1900,41.096,0
,squeezenet_1554,30.953,0
,squeezenet_1889,11.832,0
,squeezenet_1959,17.888,0
,squeezenet_1743,12.152,0
,squeezenet_370,15.312,0
,squeezenet_1749,21.505,0
,squeezenet_86,18.652,0
,squeezenet_1001,12.346,0
,squeezenet_1878,13.608,0
,squeezenet_1115,27.593,0
,squeezenet_165,44.531,0
,squeezenet_426,32.379,0
,squeezenet_1941,23.862,0
,squeezenet_998,20.075,0
,squeezenet_306,50.686,0
,squeezenet_1500,18.820,0
,squeezenet_615,34.923,0
,squeezenet_509,10.139,0
,squeezenet_780,11.957,0
,squeezenet_928,30.261,0
,squeezenet_1987,31.391,0
,squeezenet_1429,17.192,0
,squeezenet_1927,15.108,0
,squeezenet_1815,49.181,0
,squeezenet_1408,16.463,0
,squeezenet_1540,9.675,0
,squeezenet_1913,23.712,0
,squeezenet_1840,20.669,0
,squeezenet_1121,13.187,0
,squeezenet_409,14.537,0
,squeezenet_812,21.669,0
,squeezenet_1593,27.508,0
,squeezenet_274,28.043,0
,squeezenet_1373,25.124,0
,squeezenet_764,18.277,0
,squeezenet_447,14.149,0
,squeezenet_266,20.251,0
,squeezenet_586,11.325,0
,squeezenet_24,16.777,0
,squeezenet_173,11.987,0
,squeezenet_893,18.793,0
,squeezenet_411,11.963,0
,squeezenet_622,17.614,0
,squeezenet_727,17.381,0
,squeezenet_1633,17.490,0
,squeezenet_352,25.693,0
,squeezenet_666,21.848,0
,squeezenet_741,25.928,0
,squeezenet_1989,11.563,0
,squeezenet_936,18.342,0
,squeezenet_999,16.445,0
,squeezenet_226,27.724,0
,squeezenet_1109,35.380,0
,squeezenet_1897,22.583,0
,squeezenet_736,19.826,0
,squeezenet_938,16.347,0
,squeezenet_1067,23.791,0
,squeezenet_265,10.912,0
,squeezenet_1317,24.271,0
,squeezenet_1953,19.242,0
,squeezenet_1844,13.057,0
,squeezenet_1075,11.647,0
,squeezenet_1789,13.320,0
,squeezenet_1480,11.707,0
,squeezenet_7,12.047,0
,squeezenet_820,18.899,0
,squeezenet_1645,10.561,0
,squeezenet_139,21.540,0
,squeezenet_491,18.626,0
,squeezenet_1111,17.527,0
,squeezenet_922,22.732,0
,squeezenet_1916,19.766,0
,squeezenet_388,10.029,0
,squeezenet_1911,9.987,0
,squeezenet_587,13.391,0
,squeezenet_310,28.816,0
,squeezenet_1579,25.695,0
,squeezenet_1422,26.865,0
,squeezenet_1975,20.798,0
,squeezenet_1474,12.169,0
,squeezenet_1209,13.696,0
,squeezenet_1232,34.562,0
,squeezenet_58,21.198,0
,squeezenet_1044,14.319,0
,squeezenet_718,15.614,0
,squeezenet_1335,23.271,0
,squeezenet_1770,20.078,0
,squeezenet_255,16.199,0
,squeezenet_437,9.183,0
,squeezenet_425,44.020,0
,squeezenet_841,37.406,0
,squeezenet_1827,14.687,0
,squeezenet_488,8.273,0
,squeezenet_424,14.984,0
,squeezenet_1542,17.044,0
,squeezenet_816,34.036,0
,squeezenet_296,8.229,0
,squeezenet_1468,19.549,0
,squeezenet_342,12.774,0
,squeezenet_1600,8.567,0
,squeezenet_1551,24.862,0
,squeezenet_792,10.565,0
,squeezenet_1908,15.820,0
,squeezenet_833,23.725,0
,squeezenet_686,23.815,0
,squeezenet_1091,20.537,0
,squeezenet_1748,12.808,0
,squeezenet_752,11.366,0
,squeezenet_257,41.022,0
,squeezenet_1758,13.837,0
,squeezenet_186,18.518,0
,squeezenet_167,15.774,0
,squeezenet_287,16.142,0
,squeezenet_839,21.630,0
,squeezenet_13,17.695,0
,squeezenet_117,37.915,0
,squeezenet_788,21.200,0
,squeezenet_1033,12.967,0
,squeezenet_1213,23.996,0
,squeezenet_150,24.479,0
,squeezenet_1893,26.227,0
,squeezenet_1733,20.518,0
,squeezenet_1639,26.660,0
,squeezenet_1477,25.462,0
,squeezenet_1714,27.590,0
,squeezenet_1921,33.379,0
,squeezenet_1735,13.443,0
,squeezenet_44,24.242,0
,squeezenet_1358,30.267,0
,squeezenet_1651,38.643,0
,squeezenet_1094,14.083,0
,squeezenet_1616,28.406,0
,squeezenet_947,36.865,0
,squeezenet_660,33.911,0
,squeezenet_1491,16.855,0
,squeezenet_1321,23.969,0
,squeezenet_904,11.493,0
,squeezenet_790,15.408,0
,squeezenet_801,11.531,0
,squeezenet_1101,19.251,0
,squeezenet_428,25.443,0
,squeezenet_1117,19.675,0
,squeezenet_1552,19.599,0
,squeezenet_884,11.846,0
,squeezenet_1928,17.931,0
,squeezenet_1701,23.313,0
,squeezenet_260,26.832,0
,squeezenet_316,15.936,0
,squeezenet_299,21.994,0
,squeezenet_540,32.294,0
,squeezenet_93,31.490,0
,squeezenet_522,14.572,0
,squeezenet_758,21.417,0
,squeezenet_1981,15.340,0
,squeezenet_600,29.122,0
,squeezenet_1527,25.214,0
,squeezenet_1774,20.155,0
,squeezenet_1130,31.107,0
,squeezenet_697,28.394,0
,squeezenet_1157,37.871,0
,squeezenet_1029,32.146,0
,squeezenet_158,43.203,0
,squeezenet_1871,16.949,0
,squeezenet_1402,15.535,0
,squeezenet_451,32.802,0
,squeezenet_1391,17.250,0
,squeezenet_1588,15.370,0
,squeezenet_1371,24.554,0
,squeezenet_850,14.584,0
,squeezenet_1794,21.815,0
,squeezenet_1926,33.389,0
,squeezenet_649,20.061,0
,squeezenet_1493,24.383,0
,squeezenet_252,30.409,0
,squeezenet_1746,13.972,0
,squeezenet_1113,40.565,0
,squeezenet_1196,12.675,0
,squeezenet_1165,22.858,0
,squeezenet_1505,16.120,0
,squeezenet_474,9.301,0
,squeezenet_1517,22.281,0
,squeezenet_62,13.756,0
,squeezenet_369,44.943,0
,squeezenet_469,14.366,0
,squeezenet_1982,15.769,0
,squeezenet_300,14.556,0
,squeezenet_1681,10.705,0
,squeezenet_931,9.693,0
,squeezenet_1549,17.462,0
,squeezenet_749,20.445,0
,squeezenet_1630,11.307,0
,squeezenet_1692,10.780,0
,squeezenet_664,22.969,0
,squeezenet_562,23.497,0
,squeezenet_199,11.523,0
,squeezenet_886,17.817,0
,squeezenet_1199,23.570,0
,squeezenet_231,14.144,0
,squeezenet_174,32.810,0
,squeezenet_449,18.626,0
,squeezenet_628,9.772,0
,squeezenet_209,15.463,0
,squeezenet_1967,13.803,0
,squeezenet_864,16.114,0
,squeezenet_926,18.108,0
,squeezenet_941,14.811,0
,squeezenet_175,16.084,0
,squeezenet_1024,13.170,0
,squeezenet_383,18.219,0
,squeezenet_403,15.896,0
,squeezenet_57,16.132,0
,squeezenet_1744,8.853,0
,squeezenet_185,18.910,0
,squeezenet_350,25.258,0
,squeezenet_772,12.538,0
,squeezenet_828,11.173,0
,squeezenet_532,22.251,0
,squeezenet_1146,18.336,0
,squeezenet_1643,19.080,0
,squeezenet_1241,23.149,0
,squeezenet_1418,20.364,0
,squeezenet_1100,29.563,0
,squeezenet_211,15.724,0
,squeezenet_1575,9.469,0
,squeezenet_1868,24.975,0
,squeezenet_894,19.292,0
,squeezenet_1435,14.085,0
,squeezenet_663,31.109,0
,squeezenet_1062,30.436,0
